timestamp,temperature_c,humidity_pct,pressure_hpa,rainfall_mm
0h 5m 0s,26.2,36.5,983.5,0.2794
0h 10m 0s,26.3,37.8,983.6,0.0000
0h 15m 0s,26.2,38.1,983.6,0.0000
0h 20m 0s,26.4,37.3,983.6,0.0000
0h 25m 0s,26.1,38.5,983.5,0.0000
0h 30m 0s,26.1,37.8,983.6,0.2794
0h 35m 0s,26.0,37.8,983.6,0.0000
0h 40m 0s,26.0,38.7,983.7,0.0000
0h 45m 0s,26.6,38.9,983.8,0.0000
0h 50m 0s,26.0,40.7,983.8,0.2794
0h 55m 0s,25.9,41.0,983.8,0.0000
1h 0m 0s,26.1,40.2,983.9,0.0000
1h 5m 0s,26.8,39.0,984.1,0.2794
1h 10m 0s,26.7,39.4,984.1,0.0000
1h 15m 0s,26.6,40.5,984.2,0.2794
1h 20m 0s,26.5,41.1,984.2,0.0000
1h 25m 0s,26.4,38.6,984.2,0.2794
1h 30m 0s,26.4,37.9,984.2,0.0000
1h 35m 0s,26.3,38.3,984.3,0.0000
1h 40m 0s,26.3,39.2,984.3,0.0000
1h 45m 0s,26.2,39.9,984.3,0.0000
1h 50m 0s,26.2,41.3,984.3,0.0000
1h 55m 0s,26.2,42.3,984.4,0.0000
2h 0m 0s,26.1,42.5,984.3,0.0000
2h 5m 0s,26.1,42.4,984.3,0.0000
2h 10m 0s,26.2,40.6,984.3,0.2794
2h 15m 0s,26.2,41.1,984.2,0.0000
2h 20m 0s,26.2,42.1,984.1,0.0000
2h 25m 0s,26.1,41.3,984.1,0.0000
2h 30m 0s,26.0,39.9,984.1,0.0000
2h 35m 0s,26.0,39.4,984.0,0.0000
2h 40m 0s,25.9,40.3,984.0,0.0000
2h 45m 0s,25.9,40.1,984.1,0.0000
2h 50m 0s,25.8,41.2,984.1,0.0000
2h 55m 0s,25.7,42.3,984.2,0.0000
3h 0m 0s,25.6,43.5,984.1,0.0000
3h 5m 0s,25.6,44.4,984.1,0.0000
3h 10m 0s,25.6,44.4,984.1,0.0000
3h 15m 0s,25.5,43.7,984.2,0.0000
3h 20m 0s,25.5,44.0,984.2,0.0000
3h 25m 0s,25.5,44.6,984.3,0.0000
3h 30m 0s,25.5,45.7,984.4,0.0000
3h 35m 0s,25.5,46.0,984.4,0.0000
3h 40m 0s,25.4,46.3,984.5,0.0000
3h 45m 0s,25.4,46.4,984.5,0.0000
3h 50m 0s,25.4,46.3,984.4,0.0000
3h 55m 0s,25.3,45.0,984.4,0.0000
4h 0m 0s,25.3,43.7,984.4,0.0000
4h 5m 0s,25.3,43.7,984.4,0.0000
4h 10m 0s,25.2,44.8,984.4,0.0000
4h 15m 0s,25.2,42.6,984.5,0.0000
4h 20m 0s,25.2,42.0,984.5,0.0000
4h 25m 0s,25.2,40.8,984.4,0.0000
4h 30m 0s,25.2,40.1,984.4,0.0000
4h 35m 0s,25.2,39.2,984.5,0.0000
4h 40m 0s,25.0,40.2,984.5,0.0000
4h 45m 0s,24.9,41.7,984.5,0.0000
4h 50m 0s,24.8,41.5,984.5,0.0000
4h 55m 0s,24.8,40.2,984.5,0.0000
5h 0m 0s,24.9,39.0,984.5,0.0000
5h 5m 0s,24.9,38.3,984.4,0.0000
5h 10m 0s,24.8,37.2,984.4,0.0000
5h 15m 0s,25.0,36.2,984.3,0.0000
5h 20m 0s,25.0,35.2,984.3,0.0000
5h 25m 0s,25.0,34.7,984.3,0.0000
5h 30m 0s,24.8,35.2,984.3,0.0000
5h 35m 0s,24.7,35.4,984.3,0.0000
5h 40m 0s,24.7,35.4,984.2,0.0000
5h 45m 0s,24.8,35.3,984.2,0.0000
5h 50m 0s,24.6,35.4,984.1,0.0000
5h 55m 0s,24.5,35.5,984.1,0.0000
6h 0m 0s,24.5,35.2,984.2,0.0000
6h 5m 0s,24.5,35.3,984.2,0.0000
6h 10m 0s,24.4,35.2,984.1,0.0000
6h 15m 0s,24.4,35.2,984.1,0.0000
6h 20m 0s,24.4,35.1,984.0,0.0000
6h 25m 0s,24.4,35.3,984.0,0.0000
6h 30m 0s,24.3,35.0,984.0,0.0000
6h 35m 0s,24.3,34.8,984.1,0.0000
6h 40m 0s,24.4,34.5,984.1,0.0000
6h 45m 0s,24.3,34.8,984.1,0.0000
6h 50m 0s,24.1,34.8,984.0,0.0000
6h 55m 0s,24.0,35.0,984.0,0.0000
7h 0m 0s,24.0,35.1,984.0,0.0000
7h 5m 0s,23.9,36.3,984.0,0.0000
7h 10m 0s,23.8,37.8,984.1,0.0000
7h 15m 0s,23.9,38.9,984.0,0.0000
7h 20m 0s,23.8,39.1,984.1,0.0000
7h 25m 0s,23.7,39.0,984.2,0.0000
7h 30m 0s,23.7,40.9,984.1,0.0000
7h 35m 1s,23.6,41.9,984.1,0.0000
7h 40m 1s,23.5,40.9,984.1,0.0000
7h 45m 1s,23.5,42.3,984.2,0.0000
7h 50m 1s,23.5,43.1,984.1,0.0000
7h 55m 1s,23.5,41.2,984.2,0.0000
8h 0m 1s,23.5,40.4,984.3,0.0000
8h 5m 1s,23.5,41.4,984.3,0.0000
8h 10m 1s,23.4,39.8,984.3,0.0000
8h 15m 1s,23.4,42.0,984.3,0.0000
8h 20m 1s,23.2,43.3,984.1,0.0000
8h 25m 1s,23.1,40.0,984.0,0.0000
8h 30m 1s,23.1,38.2,984.1,0.0000
8h 35m 1s,23.0,38.2,984.2,0.0000
8h 40m 1s,23.0,38.8,984.4,0.0000
8h 45m 1s,22.9,40.2,984.4,0.0000
8h 50m 1s,22.9,41.9,984.4,0.0000
8h 55m 1s,22.9,42.0,984.4,0.0000
9h 0m 1s,22.8,42.2,984.5,0.0000
9h 5m 1s,22.8,42.0,984.6,0.0000
9h 10m 1s,22.7,42.4,984.7,0.0000
9h 15m 1s,22.6,44.2,984.9,0.0000
9h 20m 1s,22.6,44.6,984.9,0.0000
9h 25m 1s,22.8,42.1,984.9,0.0000
9h 30m 1s,22.9,43.2,984.8,0.0000
9h 35m 1s,23.0,41.5,984.8,0.0000
9h 40m 1s,23.2,40.0,984.8,0.0000
9h 45m 1s,23.5,39.0,984.8,0.0000
9h 50m 1s,23.8,38.0,984.9,0.0000
9h 55m 1s,24.1,36.8,985.1,0.0000
10h 0m 1s,24.3,36.7,985.2,0.0000
10h 5m 1s,24.5,38.4,985.3,0.0000
10h 10m 1s,24.9,39.7,985.2,0.0000
10h 15m 1s,25.1,36.5,985.0,0.0000
10h 20m 1s,25.2,35.3,984.9,0.0000
10h 25m 1s,25.4,35.7,984.9,0.0000
10h 30m 1s,25.7,36.0,985.0,0.0000
10h 35m 1s,25.9,35.6,985.0,0.0000
10h 40m 1s,26.2,34.8,984.9,0.2794
10h 45m 1s,26.7,33.8,985.0,0.0000
10h 50m 1s,26.7,32.4,985.1,0.2794
10h 55m 1s,26.6,33.0,985.3,0.0000
11h 0m 1s,26.4,33.2,985.2,0.0000
11h 5m 1s,26.1,33.7,985.3,0.2794
11h 10m 1s,26.0,33.9,985.4,0.0000
11h 15m 1s,25.9,33.9,985.5,0.0000
11h 20m 1s,25.9,35.3,985.4,0.0000
11h 25m 1s,26.0,34.5,985.4,0.0000
11h 30m 1s,25.9,33.5,985.4,0.0000
11h 35m 1s,26.0,33.2,985.5,0.0000
11h 40m 1s,26.2,33.0,985.5,0.0000
11h 45m 1s,26.6,33.2,985.4,0.0000
11h 50m 1s,27.1,31.5,985.6,0.0000
11h 55m 1s,27.6,30.7,985.6,0.0000
12h 0m 1s,28.5,28.7,985.6,0.0000
12h 5m 1s,29.7,26.7,985.7,0.0000
12h 10m 1s,31.5,24.1,985.9,1.1176
12h 15m 1s,32.1,22.9,985.9,0.0000
12h 20m 1s,32.9,22.0,985.8,0.0000
12h 25m 1s,32.5,22.6,985.8,0.2794
12h 30m 1s,32.0,24.1,986.0,0.0000
12h 35m 1s,32.7,22.5,985.8,0.0000
12h 40m 1s,33.2,21.8,985.9,0.0000
12h 45m 1s,33.7,22.8,985.9,0.0000
12h 50m 1s,34.1,21.1,985.8,0.0000
12h 55m 1s,34.3,21.1,985.8,0.0000
13h 0m 1s,33.8,21.3,985.8,0.0000
13h 5m 1s,33.6,21.2,985.8,0.0000
13h 10m 1s,34.5,21.1,985.8,0.0000
13h 15m 1s,35.9,18.9,985.8,0.0000
13h 20m 1s,37.0,17.5,985.8,0.0000
13h 25m 1s,37.9,16.1,985.6,0.2794
13h 30m 1s,38.9,15.1,985.7,0.0000
13h 35m 1s,39.4,13.5,985.5,0.0000
13h 40m 1s,40.2,14.7,985.3,0.2794
13h 45m 1s,40.9,12.7,985.3,0.0000
13h 50m 1s,41.3,11.3,985.3,0.2794
13h 55m 1s,41.6,10.7,985.5,0.0000
14h 0m 1s,41.2,11.1,985.4,0.2794
14h 5m 1s,40.9,12.0,985.4,0.0000
14h 10m 1s,40.3,11.6,985.5,0.2794
14h 15m 1s,40.1,12.6,985.4,0.0000
14h 20m 1s,40.3,12.6,985.5,0.0000
14h 25m 1s,38.9,13.3,985.6,0.0000
14h 30m 1s,38.2,14.1,985.5,0.0000
14h 35m 1s,38.2,14.0,985.6,0.0000
14h 40m 1s,37.1,15.0,985.7,0.0000
14h 45m 1s,36.3,15.5,985.6,0.0000
14h 50m 1s,36.3,16.1,985.6,0.2794
14h 55m 1s,35.8,16.1,985.6,0.0000
15h 0m 1s,35.4,17.0,985.7,0.0000
15h 5m 1s,34.9,17.9,985.8,0.0000
15h 10m 1s,34.5,19.6,985.8,0.0000
15h 15m 1s,34.0,19.4,985.8,0.0000
15h 20m 1s,33.5,20.7,985.9,0.0000
15h 25m 1s,33.0,21.7,985.8,0.0000
15h 30m 1s,32.8,22.3,985.9,0.2794
15h 35m 1s,32.8,22.6,985.9,0.0000
15h 40m 1s,32.8,21.0,985.9,0.0000
15h 45m 2s,32.7,21.4,986.1,0.0000
15h 50m 2s,32.7,21.2,986.1,0.0000
15h 55m 2s,32.3,21.7,986.2,0.0000
16h 0m 2s,32.5,22.8,986.2,0.2794
16h 5m 2s,32.2,22.5,986.2,0.0000
16h 10m 2s,31.8,22.4,986.3,0.0000
16h 15m 2s,31.8,22.9,986.3,0.0000
16h 20m 2s,31.7,23.0,986.4,0.0000
16h 25m 2s,31.8,23.8,986.4,0.0000
16h 30m 2s,32.0,23.2,986.4,0.0000
16h 35m 2s,32.1,23.1,986.3,0.0000
16h 40m 2s,32.0,22.9,986.3,0.0000
16h 45m 2s,31.9,23.6,986.4,0.0000
16h 50m 2s,31.8,22.5,986.3,0.0000
16h 55m 2s,31.6,23.2,986.3,0.0000
17h 0m 2s,31.4,22.2,986.3,0.0000
17h 5m 2s,31.2,22.3,986.4,0.2794
17h 10m 2s,31.0,21.7,986.4,0.0000
17h 15m 2s,30.9,22.2,986.4,0.0000
17h 20m 2s,30.8,21.4,986.3,0.0000
17h 25m 2s,30.8,22.0,986.4,0.0000
17h 30m 2s,30.8,21.4,986.4,0.0000
17h 35m 2s,30.8,22.0,986.4,0.0000
17h 40m 2s,30.6,22.0,986.3,0.0000
17h 45m 2s,30.6,22.5,986.4,0.0000
17h 50m 2s,30.5,22.8,986.4,0.0000
17h 55m 2s,30.7,23.4,986.3,0.2794
18h 0m 2s,30.8,23.5,986.3,0.0000
18h 5m 2s,30.9,23.9,986.3,0.0000
18h 10m 2s,30.9,23.5,986.3,0.0000
18h 15m 2s,30.8,23.7,986.2,0.2794
18h 20m 2s,31.1,24.0,986.2,0.0000
18h 25m 2s,31.4,22.8,986.2,0.0000
18h 30m 2s,31.5,22.7,986.2,0.0000
18h 35m 2s,31.3,23.5,986.2,0.0000
18h 40m 2s,31.5,23.7,986.3,0.2794
18h 45m 2s,31.3,23.3,986.3,0.0000
18h 50m 2s,31.4,24.1,986.4,0.0000
18h 55m 2s,31.5,24.6,986.4,0.0000
19h 0m 2s,31.7,24.0,986.4,0.0000
19h 5m 2s,31.5,23.5,986.4,0.0000
19h 10m 2s,31.2,24.1,986.4,0.0000
19h 15m 2s,31.1,24.5,986.3,0.0000
19h 20m 2s,31.2,25.1,986.4,0.0000
19h 25m 2s,31.1,24.6,986.4,0.2794
19h 30m 2s,30.8,23.9,986.4,0.0000
19h 35m 2s,30.7,24.0,986.4,0.0000
19h 40m 2s,30.6,25.5,986.4,0.0000
19h 45m 2s,30.9,24.6,986.4,0.0000
19h 50m 2s,30.8,24.3,986.4,0.0000
19h 55m 2s,30.6,23.8,986.5,0.0000
20h 0m 2s,30.3,24.2,986.4,0.0000
20h 5m 2s,30.2,23.7,986.6,0.0000
20h 10m 2s,29.7,24.4,986.6,0.5588
20h 15m 2s,29.5,25.1,986.6,0.2794
20h 20m 2s,29.2,26.1,986.6,0.5588
20h 25m 2s,29.0,26.3,986.7,0.0000
20h 30m 2s,28.9,26.7,986.7,0.0000
20h 35m 2s,28.9,27.1,986.7,0.0000
20h 40m 2s,28.7,26.9,986.6,0.0000
20h 45m 2s,28.6,27.4,986.6,0.0000
20h 50m 2s,28.5,27.0,986.5,0.0000
20h 55m 2s,28.5,27.8,986.6,0.0000
21h 0m 2s,28.5,28.0,986.6,0.0000
21h 5m 2s,28.6,28.4,986.6,0.0000
21h 10m 2s,28.6,27.4,986.7,0.0000
21h 15m 2s,28.6,27.3,986.7,0.0000
21h 20m 2s,28.7,27.5,986.7,0.0000
21h 25m 2s,28.8,27.7,986.7,0.0000
21h 30m 2s,28.9,28.0,986.8,0.0000
21h 35m 2s,28.7,28.2,986.8,0.0000
21h 40m 2s,28.4,28.6,986.8,0.0000
21h 45m 2s,28.2,29.0,986.7,0.0000
21h 50m 2s,28.0,29.9,986.8,0.0000
21h 55m 2s,27.9,29.7,986.7,0.0000
22h 0m 2s,27.8,30.1,986.8,0.2794
22h 5m 2s,27.8,30.2,986.7,0.2794
22h 10m 2s,27.8,30.8,986.8,0.0000
22h 15m 2s,27.8,30.8,986.8,0.0000
22h 20m 2s,27.7,31.0,986.9,0.5588
22h 25m 2s,27.5,32.7,987.0,0.2794
22h 30m 2s,27.4,33.5,987.1,0.0000
22h 35m 2s,27.1,34.6,987.2,0.0000
22h 40m 2s,27.0,35.2,987.3,0.5588
22h 45m 2s,26.7,35.4,987.3,0.0000
22h 50m 2s,26.5,35.4,987.4,0.0000
22h 55m 2s,26.4,36.1,987.4,0.8382
23h 0m 2s,26.3,36.3,987.6,0.2794
23h 5m 2s,26.3,36.4,987.5,0.0000
23h 10m 2s,26.2,36.9,987.6,0.8382
23h 15m 2s,26.2,37.3,987.6,0.0000
23h 20m 2s,26.1,37.3,987.6,0.0000
23h 25m 2s,26.0,38.9,987.5,0.0000
23h 30m 2s,25.9,39.1,987.6,0.0000
23h 35m 2s,25.9,37.9,987.6,0.0000
23h 40m 2s,25.8,36.4,987.5,0.0000
23h 45m 2s,25.7,36.7,987.5,0.0000
23h 50m 2s,25.7,36.7,987.7,0.0000
23h 55m 2s,25.6,37.3,987.7,0.0000
24h 0m 3s,25.6,37.3,987.8,0.2794
24h 5m 3s,25.5,37.8,987.7,0.0000
24h 10m 3s,25.4,38.1,987.8,0.2794
24h 15m 3s,25.3,39.1,987.8,0.0000
24h 20m 3s,25.2,40.3,987.9,0.0000
24h 25m 3s,25.1,40.8,987.9,0.0000
24h 30m 3s,25.0,40.9,988.0,0.0000
24h 35m 3s,24.9,40.7,988.0,0.0000
24h 40m 3s,24.9,41.0,988.1,0.0000
24h 45m 3s,24.7,42.5,988.1,0.0000
24h 50m 3s,24.6,41.5,988.1,0.0000
24h 55m 3s,24.5,41.3,988.1,0.0000
25h 0m 3s,24.5,41.2,988.1,0.0000
25h 5m 3s,24.5,41.8,988.2,0.0000
25h 10m 3s,24.4,42.5,988.3,0.0000
25h 15m 3s,24.2,42.7,988.3,0.0000
25h 20m 3s,24.1,43.1,988.3,0.0000
25h 25m 3s,23.9,43.7,988.4,0.0000
25h 30m 3s,23.6,44.1,988.4,0.0000
25h 35m 3s,23.4,44.6,988.5,0.0000
25h 40m 3s,23.1,45.1,988.4,0.0000
25h 45m 3s,22.9,45.2,988.4,0.0000
25h 50m 3s,22.6,45.7,988.5,0.0000
25h 55m 3s,22.4,46.5,988.5,0.0000
26h 0m 3s,22.1,47.2,988.6,1.1176
26h 5m 3s,21.9,47.6,988.5,0.0000
26h 10m 3s,21.6,48.3,988.6,0.0000
26h 15m 3s,21.5,48.6,988.5,0.0000
26h 20m 3s,21.3,49.4,988.7,0.0000
26h 25m 3s,21.2,49.6,988.6,0.0000
26h 30m 3s,21.0,50.0,988.6,0.0000
26h 35m 3s,20.9,50.2,988.6,0.2794
26h 40m 3s,20.7,50.8,988.7,0.0000
26h 45m 3s,20.5,51.4,988.7,0.0000
26h 50m 3s,20.4,51.8,988.7,0.2794
26h 55m 3s,20.2,52.0,988.8,0.0000
27h 0m 3s,20.1,52.2,988.8,0.0000
27h 5m 3s,20.0,53.0,988.8,0.0000
27h 10m 3s,19.8,53.5,988.9,0.2794
27h 15m 3s,19.7,54.1,989.0,0.0000
27h 20m 3s,19.5,54.5,989.0,0.0000
27h 25m 3s,19.4,54.8,989.0,0.0000
27h 30m 3s,19.3,55.3,989.0,0.0000
27h 35m 3s,19.3,55.5,989.0,0.0000
27h 40m 3s,19.5,55.5,989.0,0.0000
27h 45m 3s,19.6,55.0,989.0,0.0000
27h 50m 3s,19.6,54.8,989.1,0.0000
27h 55m 3s,19.7,54.4,989.1,0.0000
28h 0m 3s,19.8,54.0,989.0,0.0000
28h 5m 3s,19.9,53.3,989.0,0.0000
28h 10m 3s,19.9,52.8,989.0,0.0000
28h 15m 3s,20.0,52.1,989.0,0.0000
28h 20m 3s,20.0,51.6,989.1,0.0000
28h 25m 3s,20.0,51.4,989.1,0.0000
28h 30m 3s,20.0,51.1,989.1,0.0000
28h 35m 3s,20.0,50.9,989.2,0.2794
28h 40m 3s,20.0,50.9,989.3,0.0000
28h 45m 3s,20.0,50.8,989.3,0.0000
28h 50m 3s,19.9,50.7,989.3,0.0000
28h 55m 3s,19.8,50.8,989.4,0.0000
29h 0m 3s,19.9,50.7,989.2,0.0000
29h 5m 3s,19.9,50.5,989.2,0.0000
29h 10m 3s,19.9,50.5,989.3,0.0000
29h 15m 3s,19.8,50.6,989.3,0.0000
29h 20m 3s,19.8,50.9,989.3,0.0000
29h 25m 3s,19.7,51.6,989.3,0.0000
29h 30m 3s,19.7,51.9,989.3,0.0000
29h 35m 3s,19.7,51.9,989.4,0.2794
29h 40m 3s,19.7,52.1,989.4,0.0000
29h 45m 3s,19.6,52.2,989.4,0.0000
29h 50m 3s,19.6,52.4,989.5,0.0000
29h 55m 3s,19.6,52.8,989.6,0.0000
30h 0m 3s,19.5,53.0,989.7,0.0000
30h 5m 3s,19.4,53.2,989.7,0.0000
30h 10m 3s,19.4,53.2,989.8,0.0000
30h 15m 3s,19.2,53.6,989.8,0.0000
30h 20m 3s,19.2,54.2,989.9,0.0000
30h 25m 3s,19.1,54.4,989.9,0.0000
30h 30m 3s,19.1,54.6,990.0,0.0000
30h 35m 3s,19.1,54.7,990.0,0.0000
30h 40m 3s,19.1,54.3,990.1,0.0000
30h 45m 3s,19.2,53.2,990.1,0.0000
30h 50m 3s,19.4,52.0,990.1,0.0000
30h 55m 3s,19.4,51.2,990.3,0.0000
31h 0m 3s,19.4,50.5,990.3,0.0000
31h 5m 3s,19.4,50.1,990.3,0.0000
31h 10m 3s,19.4,49.2,990.4,0.0000
31h 15m 3s,19.3,48.9,990.5,0.0000
31h 20m 3s,19.1,48.8,990.6,0.0000
31h 25m 3s,19.0,48.8,990.6,0.0000
31h 30m 3s,18.9,48.8,990.6,0.0000
31h 35m 3s,18.8,48.7,990.6,0.0000
31h 40m 3s,18.8,48.6,990.5,0.0000
31h 45m 3s,18.7,49.0,990.5,0.0000
31h 50m 3s,18.7,48.8,990.6,0.0000
31h 55m 3s,18.6,49.2,990.6,0.0000
32h 0m 3s,18.5,49.4,990.6,0.0000
32h 5m 3s,18.4,49.7,990.6,0.0000
32h 10m 3s,18.4,49.6,990.6,0.0000
32h 15m 4s,18.4,49.5,990.7,0.0000
32h 20m 4s,18.3,49.5,990.8,0.0000
32h 25m 4s,18.2,49.5,990.8,0.0000
32h 30m 4s,18.0,49.8,990.9,0.0000
32h 35m 4s,18.1,49.4,991.0,0.0000
32h 40m 4s,18.1,49.0,991.2,0.0000
32h 45m 4s,18.1,49.0,991.3,0.0000
32h 50m 4s,18.1,48.9,991.3,0.0000
32h 55m 4s,18.1,48.8,991.4,0.0000
33h 0m 4s,18.1,48.5,991.5,0.0000
33h 5m 4s,18.2,48.2,991.4,0.0000
33h 10m 4s,18.2,48.0,991.6,0.0000
33h 15m 4s,18.2,47.8,991.7,0.0000
33h 20m 4s,18.3,47.7,991.9,0.0000
33h 25m 4s,18.3,47.2,992.0,0.0000
33h 30m 4s,18.4,47.1,992.1,0.0000
33h 35m 4s,18.5,46.6,992.2,0.0000
33h 40m 4s,18.8,46.2,992.2,0.0000
33h 45m 4s,19.1,45.5,992.3,0.0000
33h 50m 4s,19.5,44.3,992.3,0.0000
33h 55m 4s,20.1,42.8,992.4,0.0000
34h 0m 4s,20.7,41.6,992.6,0.0000
34h 5m 4s,21.2,40.5,992.6,0.0000
34h 10m 4s,21.7,39.4,992.7,0.0000
34h 15m 4s,22.4,38.0,992.7,0.0000
34h 20m 4s,23.0,36.3,992.6,0.0000
34h 25m 4s,23.9,34.1,992.6,0.0000
34h 30m 4s,25.1,32.4,992.7,0.2794
34h 35m 4s,26.3,29.4,992.9,0.2794
34h 40m 4s,27.3,27.3,993.0,0.0000
34h 45m 4s,27.8,25.5,993.0,0.0000
34h 50m 4s,28.2,24.7,993.1,0.0000
34h 55m 4s,28.6,24.7,993.2,0.2794
35h 0m 4s,29.0,24.0,993.2,0.0000
35h 5m 4s,29.5,23.0,993.1,0.0000
35h 10m 4s,30.2,21.9,993.3,0.0000
35h 15m 4s,30.7,21.3,993.3,0.2794
35h 20m 4s,31.4,20.1,993.5,0.5588
35h 25m 4s,31.8,18.7,993.7,0.0000
35h 30m 4s,32.0,19.0,993.7,0.0000
35h 35m 4s,32.0,18.6,993.8,0.2794
35h 40m 4s,31.8,18.5,993.9,0.0000
35h 45m 4s,32.5,17.9,993.8,0.0000
35h 50m 4s,32.5,17.4,993.8,0.5588
35h 55m 4s,33.0,17.3,993.8,0.0000
36h 0m 4s,33.5,17.1,993.8,0.0000
36h 5m 4s,33.8,16.0,993.8,0.0000
36h 10m 4s,33.5,16.1,993.8,0.2794
36h 15m 4s,34.0,15.4,993.6,0.0000
36h 20m 4s,33.9,15.6,993.6,0.0000
36h 25m 4s,34.3,14.9,993.6,0.0000
36h 30m 4s,34.1,14.9,993.5,0.0000
36h 35m 4s,35.0,15.1,993.5,0.0000
36h 40m 4s,35.6,14.6,993.5,0.0000
36h 45m 4s,35.9,14.5,993.5,0.0000
36h 50m 4s,36.1,13.9,993.6,0.0000
36h 55m 4s,36.3,13.3,993.6,0.0000
37h 0m 4s,35.9,14.1,993.6,0.0000
37h 5m 4s,35.8,14.3,993.7,0.0000
37h 10m 4s,35.1,13.9,993.6,0.0000
37h 15m 4s,35.4,14.0,993.6,0.0000
37h 20m 4s,35.8,13.9,993.7,0.0000
37h 25m 4s,36.0,14.1,993.6,0.0000
37h 30m 4s,36.8,13.1,993.6,0.0000
37h 35m 4s,36.7,13.0,993.7,0.0000
37h 40m 4s,37.3,13.5,993.9,0.0000
37h 45m 4s,37.8,12.7,993.8,0.0000
37h 50m 4s,38.0,11.6,993.9,0.0000
37h 55m 4s,37.6,11.9,993.9,0.0000
38h 0m 4s,36.9,12.5,993.9,0.2794
38h 5m 4s,36.8,12.5,993.9,0.0000
38h 10m 4s,37.5,12.9,994.0,0.0000
38h 15m 4s,37.2,11.9,994.0,0.0000
38h 20m 4s,37.4,11.9,994.0,0.0000
38h 25m 4s,37.5,11.6,994.1,0.0000
38h 30m 4s,37.8,11.4,994.2,0.0000
38h 35m 4s,38.2,12.0,994.2,0.2794
38h 40m 4s,38.6,11.6,994.2,0.0000
38h 45m 4s,38.4,11.4,994.3,0.0000
38h 50m 4s,39.1,12.2,994.3,0.0000
38h 55m 4s,39.3,10.0,994.4,0.0000
39h 0m 4s,39.0,11.0,994.4,0.0000
39h 5m 4s,39.5,11.7,994.2,0.0000
39h 10m 4s,40.1,9.9,994.3,0.0000
39h 15m 4s,40.2,9.6,994.3,0.0000
39h 20m 4s,41.0,9.7,994.3,0.0000
39h 25m 4s,41.3,9.0,994.3,0.0000
39h 30m 4s,41.5,8.4,994.2,0.0000
39h 35m 4s,41.3,9.5,993.9,0.0000
39h 40m 4s,40.2,8.8,993.8,0.0000
39h 45m 4s,40.2,8.9,993.8,0.0000
39h 50m 4s,40.4,9.8,993.8,0.0000
39h 55m 4s,40.3,8.9,993.8,0.0000
40h 0m 4s,40.2,8.7,993.8,0.0000
40h 5m 4s,39.5,9.8,993.7,0.0000
40h 10m 4s,39.5,8.5,993.7,0.0000
40h 15m 5s,40.0,8.7,993.7,0.0000
40h 20m 5s,40.3,9.4,993.6,0.0000
40h 25m 5s,39.9,9.6,993.7,0.0000
40h 30m 5s,40.6,10.1,993.7,0.0000
40h 35m 5s,40.9,9.1,993.7,0.0000
40h 40m 5s,40.0,9.2,993.6,0.0000
40h 45m 5s,39.1,9.1,993.7,0.0000
40h 50m 5s,36.9,11.1,993.7,0.0000
40h 55m 5s,35.6,10.7,993.6,0.0000
41h 0m 5s,35.2,12.5,993.6,0.0000
41h 5m 5s,34.7,12.4,993.7,0.0000
41h 10m 5s,33.7,12.3,993.6,0.2794
41h 15m 5s,33.4,12.9,993.8,0.0000
41h 20m 5s,32.8,12.2,993.8,0.0000
41h 25m 5s,32.8,12.5,993.7,0.0000
41h 30m 5s,32.6,12.9,993.7,0.0000
41h 35m 5s,32.0,13.0,993.6,0.0000
41h 40m 5s,32.1,12.7,993.8,0.0000
41h 45m 5s,31.7,12.3,993.7,0.0000
41h 50m 5s,31.7,13.4,993.6,0.0000
41h 55m 5s,31.5,12.8,993.8,0.0000
42h 0m 5s,31.4,12.5,993.7,0.0000
42h 5m 5s,31.2,12.9,993.7,0.2794
42h 10m 5s,30.9,12.5,993.7,0.2794
42h 15m 5s,30.8,12.8,993.7,0.0000
42h 20m 5s,30.6,13.2,993.8,0.2794
42h 25m 5s,30.4,12.7,993.7,0.0000
42h 30m 5s,30.1,11.8,993.7,0.0000
42h 35m 5s,29.9,11.6,993.6,0.0000
42h 40m 5s,29.9,12.8,993.7,0.0000
42h 45m 5s,29.9,13.5,993.8,0.0000
42h 50m 5s,29.9,12.9,993.8,0.0000
42h 55m 5s,29.8,13.1,993.8,0.0000
43h 0m 5s,29.8,13.1,993.7,0.0000
43h 5m 5s,29.8,15.3,993.7,0.0000
43h 10m 5s,29.6,13.5,993.6,0.0000
43h 15m 5s,29.6,15.1,993.6,0.0000
43h 20m 5s,29.5,14.5,993.7,0.0000
43h 25m 5s,29.3,15.2,993.5,0.0000
43h 30m 5s,29.4,14.7,993.4,0.0000
43h 35m 5s,29.3,14.5,993.4,0.0000
43h 40m 5s,29.2,16.3,993.5,0.0000
43h 45m 5s,29.2,16.1,993.5,0.0000
43h 50m 5s,29.1,15.9,993.5,0.0000
43h 55m 5s,29.1,16.4,993.5,0.0000
44h 0m 5s,29.0,15.8,993.5,0.0000
44h 5m 5s,28.9,15.8,993.5,0.0000
44h 10m 5s,28.8,16.0,993.5,0.0000
44h 15m 5s,28.7,15.7,993.4,0.0000
44h 20m 5s,28.7,15.8,993.4,0.2794
44h 25m 5s,28.7,16.3,993.5,0.0000
44h 30m 5s,28.6,16.7,993.4,0.0000
44h 35m 5s,28.5,16.2,993.2,0.0000
44h 40m 5s,28.5,15.4,993.3,0.0000
44h 45m 5s,28.5,16.3,993.4,0.0000
44h 50m 5s,28.4,16.2,993.4,0.0000
44h 55m 5s,28.5,15.6,993.4,0.0000
45h 0m 5s,28.4,15.6,993.4,0.2794
45h 5m 5s,28.3,15.7,993.3,0.2794
45h 10m 5s,28.2,16.5,993.3,0.0000
45h 15m 5s,28.0,16.6,993.2,0.0000
45h 20m 5s,27.9,16.3,993.2,0.0000
45h 25m 5s,27.8,17.0,993.1,0.0000
45h 30m 5s,27.9,17.1,993.2,0.0000
45h 35m 5s,27.8,16.3,993.1,0.0000
45h 40m 5s,27.7,16.2,993.1,0.0000
45h 45m 5s,27.5,16.2,993.1,0.0000
45h 50m 5s,27.4,15.9,993.0,0.2794
45h 55m 5s,27.4,15.5,993.0,0.0000
46h 0m 5s,27.4,15.8,992.9,0.0000
46h 5m 5s,27.4,16.0,992.9,0.2794
46h 10m 5s,27.3,15.8,992.9,0.0000
46h 15m 5s,27.3,16.6,993.0,0.0000
46h 20m 5s,27.2,15.4,992.9,0.0000
46h 25m 5s,27.1,16.0,992.9,0.0000
46h 30m 5s,27.1,16.0,993.0,0.2794
46h 35m 6s,27.0,16.4,993.0,0.0000
46h 40m 6s,26.9,16.1,993.0,0.0000
46h 45m 6s,26.9,16.6,993.1,0.2794
46h 50m 6s,26.8,16.4,993.1,0.0000
46h 55m 6s,26.7,16.3,993.1,0.0000
47h 0m 6s,26.7,16.6,993.1,0.0000
47h 5m 6s,26.5,16.8,993.2,0.0000
47h 10m 6s,26.5,16.5,993.2,0.0000
47h 15m 6s,26.5,16.8,993.2,0.0000
47h 20m 6s,26.3,17.5,993.2,0.2794
47h 25m 6s,26.1,18.0,993.1,0.5588
47h 30m 6s,25.9,17.8,993.1,0.0000
47h 35m 6s,25.7,17.6,993.2,0.2794
47h 40m 6s,25.5,18.3,993.1,0.2794
47h 45m 6s,25.3,18.2,993.2,0.0000
47h 50m 6s,25.1,18.3,993.2,0.0000
47h 55m 6s,24.9,18.6,993.2,0.0000
48h 0m 6s,24.7,19.0,993.3,0.2794
48h 5m 6s,24.6,18.6,993.3,0.0000
48h 10m 6s,24.4,19.2,993.4,0.0000
48h 15m 6s,24.3,19.3,993.4,0.0000
48h 20m 6s,24.4,19.2,993.5,0.2794
48h 25m 6s,24.4,19.4,993.5,0.0000
48h 30m 6s,24.2,19.7,993.6,0.0000
48h 35m 6s,24.0,19.9,993.5,0.2794
48h 40m 6s,23.8,20.2,993.6,0.0000
48h 45m 6s,23.6,20.6,993.6,0.0000
48h 50m 6s,23.5,20.6,993.6,0.0000
48h 55m 6s,23.3,21.0,993.7,0.0000
49h 0m 6s,23.2,21.0,993.8,0.0000
49h 5m 6s,23.0,21.3,993.9,0.0000
49h 10m 6s,22.9,21.6,994.0,0.0000
49h 15m 6s,22.7,22.0,994.1,0.0000
49h 20m 6s,22.6,22.3,994.1,0.0000
49h 25m 6s,22.5,23.2,994.1,0.0000
49h 30m 6s,22.5,22.9,994.0,0.2794
49h 35m 6s,22.5,22.8,994.0,0.0000
49h 40m 6s,22.5,22.9,994.1,0.2794
49h 45m 6s,22.3,22.9,994.2,0.0000
49h 50m 6s,22.1,23.2,994.2,0.2794
49h 55m 6s,21.9,23.7,994.4,0.0000
50h 0m 6s,21.8,24.2,994.3,0.0000
50h 5m 6s,21.7,24.6,994.3,0.0000
50h 10m 6s,21.5,24.6,994.3,0.0000
50h 15m 6s,21.5,24.9,994.3,0.0000
50h 20m 6s,21.4,24.8,994.2,0.0000
50h 25m 6s,21.3,24.9,994.3,0.0000
50h 30m 6s,21.2,25.1,994.2,0.0000
50h 35m 6s,21.1,25.0,994.3,0.0000
50h 40m 6s,21.0,25.7,994.2,0.2794
50h 45m 6s,20.9,26.0,994.3,0.0000
50h 50m 6s,20.9,25.5,994.4,0.0000
50h 55m 6s,20.7,25.6,994.3,0.0000
51h 0m 6s,20.4,26.9,994.4,0.0000
51h 5m 6s,20.1,28.0,994.3,0.0000
51h 10m 6s,19.8,29.0,994.4,0.0000
51h 15m 6s,19.7,28.7,994.3,0.0000
51h 20m 6s,19.7,28.4,994.4,0.0000
51h 25m 6s,19.6,28.8,994.4,0.0000
51h 30m 6s,19.4,30.4,994.4,0.0000
51h 35m 6s,19.1,32.5,994.5,0.0000
51h 40m 6s,18.8,33.2,994.5,0.0000
51h 45m 6s,18.6,33.7,994.5,0.0000
51h 50m 6s,18.4,33.9,994.5,0.0000
51h 55m 6s,18.3,34.2,994.5,0.0000
52h 0m 6s,18.1,36.8,994.5,0.0000
52h 5m 6s,17.9,38.2,994.5,0.0000
52h 10m 6s,17.7,39.5,994.6,0.0000
52h 15m 6s,17.6,39.8,994.5,0.0000
52h 20m 6s,17.5,39.6,994.6,0.0000
52h 25m 6s,17.4,40.9,994.6,0.0000
52h 30m 6s,17.2,42.6,994.5,0.0000
52h 35m 6s,17.1,43.4,994.5,0.0000
52h 40m 6s,17.0,43.6,994.6,0.0000
52h 45m 6s,16.9,44.1,994.7,0.0000
52h 50m 6s,16.8,44.8,994.7,0.0000
52h 55m 6s,16.7,45.7,994.7,0.0000
53h 0m 7s,16.6,46.4,994.8,0.0000
53h 5m 7s,16.5,47.3,994.8,0.0000
53h 10m 7s,16.5,47.5,994.8,0.0000
53h 15m 7s,16.4,47.9,994.9,0.0000
53h 20m 7s,16.4,48.4,994.9,0.0000
53h 25m 7s,16.3,48.4,994.8,0.0000
53h 30m 7s,16.2,48.1,994.8,0.0000
53h 35m 7s,16.2,48.7,994.8,0.0000
53h 40m 7s,16.1,49.4,994.8,0.0000
53h 45m 7s,16.0,48.9,994.8,0.0000
53h 50m 7s,16.0,49.1,994.7,0.0000
53h 55m 7s,15.9,50.0,994.7,0.0000
54h 0m 7s,15.9,50.5,994.7,0.0000
54h 5m 7s,15.8,51.2,994.7,0.0000
54h 10m 7s,15.7,50.9,994.7,0.0000
54h 15m 7s,15.7,50.7,994.7,0.0000
54h 20m 7s,15.6,50.8,994.6,0.0000
54h 25m 7s,15.4,51.1,994.6,0.0000
54h 30m 7s,15.3,51.2,994.6,0.0000
54h 35m 7s,15.2,52.3,994.7,0.0000
54h 40m 7s,15.1,53.0,994.8,0.0000
54h 45m 7s,15.0,53.6,994.9,0.0000
54h 50m 7s,14.8,54.7,994.8,0.0000
54h 55m 7s,14.8,54.7,994.8,0.0000
55h 0m 7s,15.0,54.0,994.9,0.0000
55h 5m 7s,15.1,53.1,994.8,0.0000
55h 10m 7s,15.0,52.9,994.9,0.0000
55h 15m 7s,15.0,51.9,994.9,0.0000
55h 20m 7s,15.0,52.8,994.9,0.0000
55h 25m 7s,14.9,52.9,994.9,0.0000
55h 30m 7s,14.9,52.7,995.0,0.0000
55h 35m 7s,14.9,53.7,995.1,0.0000
55h 40m 7s,14.8,54.4,995.2,0.0000
55h 45m 7s,14.8,54.6,995.3,0.0000
55h 50m 7s,14.8,54.3,995.4,0.0000
55h 55m 7s,14.7,53.9,995.4,0.0000
56h 0m 7s,14.7,54.7,995.4,0.0000
56h 5m 7s,14.5,55.5,995.4,0.0000
56h 10m 7s,14.4,56.3,995.4,0.0000
56h 15m 7s,14.4,55.9,995.5,0.0000
56h 20m 7s,14.3,56.7,995.5,0.0000
56h 25m 7s,14.3,57.4,995.6,0.0000
56h 30m 7s,14.4,57.6,995.6,0.0000
56h 35m 7s,14.3,58.0,995.7,0.0000
56h 40m 7s,14.3,58.2,995.8,0.0000
56h 45m 7s,14.4,58.4,995.8,0.0000
56h 50m 7s,14.7,57.6,995.9,0.0000
56h 55m 7s,14.7,57.6,995.8,0.0000
57h 0m 7s,14.8,57.7,995.9,0.0000
57h 5m 7s,14.8,57.7,996.0,0.0000
57h 10m 7s,14.8,58.1,996.1,0.0000
57h 15m 7s,14.9,58.3,996.1,0.0000
57h 20m 7s,14.9,58.4,996.2,0.0000
57h 25m 7s,14.9,58.5,996.4,0.0000
57h 30m 7s,15.0,58.4,996.4,0.2794
57h 35m 7s,15.2,58.0,996.4,0.0000
57h 40m 7s,15.8,57.5,996.5,0.0000
57h 45m 7s,16.6,56.1,996.5,0.0000
57h 50m 7s,17.1,55.3,996.5,0.0000
57h 55m 7s,17.6,53.9,996.5,0.0000
58h 0m 7s,18.2,52.5,996.7,0.0000
58h 5m 7s,19.6,49.8,996.7,0.0000
58h 10m 7s,20.6,47.4,996.6,0.0000
58h 15m 7s,21.7,45.9,996.8,0.0000
58h 20m 7s,23.4,42.1,996.7,0.2794
58h 25m 7s,24.6,37.7,996.8,0.0000
58h 30m 7s,25.2,33.3,996.7,0.0000
58h 35m 7s,26.4,27.7,996.8,0.0000
58h 40m 7s,27.3,25.8,996.7,0.0000
58h 45m 7s,28.0,23.0,996.7,0.2794
58h 50m 7s,28.6,22.6,996.7,0.0000
58h 55m 7s,29.8,21.5,996.8,0.0000
59h 0m 7s,30.3,20.7,996.8,0.2794
59h 5m 7s,30.8,19.8,996.8,0.0000
59h 10m 7s,31.2,18.9,996.8,0.2794
59h 15m 7s,32.1,17.5,996.8,0.0000
59h 20m 8s,32.5,17.2,996.8,0.2794
59h 25m 8s,32.7,16.3,996.9,0.0000
59h 30m 8s,32.9,16.7,996.8,0.0000
59h 35m 8s,34.1,15.3,996.8,0.2794
59h 40m 8s,34.5,14.0,996.9,0.0000
59h 45m 8s,34.7,13.8,996.9,0.0000
59h 50m 8s,34.7,13.9,996.9,0.2794
59h 55m 8s,34.5,14.5,996.9,0.0000
60h 0m 8s,34.7,14.4,996.8,0.0000
60h 5m 8s,34.9,14.4,996.9,0.0000
60h 10m 8s,35.5,13.7,996.8,0.0000
60h 15m 8s,36.2,14.3,996.7,0.0000
60h 20m 8s,36.2,13.9,996.8,0.0000
60h 25m 8s,37.2,13.2,996.7,0.0000
60h 30m 8s,37.9,12.9,996.6,0.0000
60h 35m 8s,38.8,12.2,996.7,0.0000
60h 40m 8s,39.3,12.0,996.7,0.0000
60h 45m 8s,39.5,11.9,996.7,0.0000
60h 50m 8s,40.0,10.9,996.6,0.0000
60h 55m 8s,39.8,11.4,996.6,0.0000
61h 0m 8s,39.9,11.8,996.5,0.0000
61h 5m 8s,40.9,11.1,996.5,0.0000
61h 10m 8s,40.5,11.0,996.4,0.0000
61h 15m 8s,39.9,11.8,996.4,0.2794
61h 20m 8s,40.0,11.5,996.5,0.0000
61h 25m 8s,40.8,11.6,996.4,0.0000
61h 30m 8s,41.4,10.7,996.3,0.0000
61h 35m 8s,41.1,11.2,996.3,0.0000
61h 40m 8s,41.6,10.3,996.2,0.0000
61h 45m 8s,42.5,10.5,996.2,0.0000
61h 50m 8s,42.9,9.4,996.2,0.0000
61h 55m 8s,43.6,9.6,996.2,0.0000
62h 0m 8s,44.0,9.6,996.1,0.0000
62h 5m 8s,44.5,8.9,996.0,0.5588
62h 10m 8s,43.6,9.2,996.0,0.0000
62h 15m 8s,43.8,9.4,996.1,0.0000
62h 20m 8s,43.4,8.9,996.0,0.0000
62h 25m 8s,43.6,9.2,996.0,0.0000
62h 30m 8s,43.9,8.9,995.9,0.0000
62h 35m 8s,44.2,9.0,995.9,0.2794
62h 40m 8s,44.7,8.8,995.8,0.0000
62h 45m 8s,45.3,7.6,995.7,0.0000
62h 50m 8s,46.3,8.1,995.6,0.0000
62h 55m 8s,46.9,7.0,995.7,0.0000
63h 0m 8s,46.1,7.3,995.7,0.5588
63h 5m 8s,44.9,8.2,995.6,0.2794
63h 10m 8s,44.8,7.3,995.6,0.2794
63h 15m 8s,45.3,7.9,995.6,0.0000
63h 20m 8s,45.1,7.7,995.5,0.2794
63h 25m 8s,45.1,7.9,995.5,0.0000
63h 30m 8s,45.5,7.9,995.5,0.0000
63h 35m 8s,45.4,7.5,995.5,0.0000
63h 40m 8s,45.3,8.0,995.4,0.0000
63h 45m 8s,45.5,7.6,995.4,0.0000
63h 50m 8s,46.4,7.2,995.3,0.0000
63h 55m 8s,47.3,6.8,995.3,0.0000
64h 0m 8s,46.6,7.9,995.3,0.0000
64h 5m 8s,45.7,7.4,995.2,0.0000
64h 10m 8s,44.9,8.2,995.1,0.0000
64h 15m 8s,45.4,7.6,995.1,0.0000
64h 20m 8s,44.9,8.2,995.1,0.0000
64h 25m 8s,44.0,8.1,995.0,0.0000
64h 30m 8s,43.4,8.6,994.8,0.0000
64h 35m 8s,43.5,8.6,994.8,0.5588
64h 40m 8s,43.4,10.1,994.8,0.0000
64h 45m 8s,42.3,9.4,994.8,0.0000
64h 50m 8s,40.9,10.5,994.7,0.2794
64h 55m 8s,40.4,11.3,994.5,0.0000
65h 0m 8s,40.3,11.7,994.4,0.2794
65h 5m 8s,39.7,11.5,994.4,0.0000
65h 10m 8s,38.5,12.2,994.3,0.0000
65h 15m 8s,37.7,13.3,994.3,0.2794
65h 20m 8s,37.0,13.6,994.2,0.0000
65h 25m 8s,36.7,14.3,994.2,0.0000
65h 30m 8s,36.3,16.5,994.1,0.0000
65h 35m 8s,35.5,15.0,994.0,0.2794
65h 40m 9s,35.3,15.6,994.1,0.2794
65h 45m 9s,35.0,16.1,994.0,0.0000
65h 50m 9s,34.6,16.2,994.0,0.0000
65h 55m 9s,34.3,15.9,993.9,0.0000
66h 0m 9s,34.3,17.1,993.9,0.0000
66h 5m 9s,34.4,17.6,993.9,0.0000
66h 10m 9s,34.5,16.5,993.9,0.0000
66h 15m 9s,34.7,17.9,993.8,0.0000
66h 20m 9s,34.9,16.3,993.9,0.0000
66h 25m 9s,34.7,16.0,993.9,0.0000
66h 30m 9s,34.8,17.2,993.8,0.0000
66h 35m 9s,35.0,17.8,993.8,0.0000
66h 40m 9s,35.0,17.8,993.7,0.0000
66h 45m 9s,34.7,17.3,993.7,0.2794
66h 50m 9s,34.5,16.8,993.6,0.0000
66h 55m 9s,34.4,17.7,993.6,0.0000
67h 0m 9s,34.5,17.1,993.5,0.0000
67h 5m 9s,34.2,16.0,993.4,0.0000
67h 10m 9s,33.9,17.3,993.3,0.0000
67h 15m 9s,33.9,17.9,993.3,0.0000
67h 20m 9s,33.9,18.3,993.3,0.0000
67h 25m 9s,33.8,18.4,993.3,0.0000
67h 30m 9s,33.6,16.8,993.2,0.0000
67h 35m 9s,33.6,17.9,993.2,0.0000
67h 40m 9s,33.6,16.8,993.1,0.0000
67h 45m 9s,33.5,17.1,993.1,0.0000
67h 50m 9s,33.6,17.8,993.0,0.0000
67h 55m 9s,33.7,17.2,993.0,0.0000
68h 0m 9s,33.7,17.5,992.9,0.0000
68h 5m 9s,33.7,17.5,992.9,0.0000
68h 10m 9s,33.9,17.4,992.9,0.0000
68h 15m 9s,34.0,17.1,992.7,0.0000
68h 20m 9s,33.8,17.0,992.7,0.0000
68h 25m 9s,33.6,18.7,992.6,0.2794
68h 30m 9s,33.5,18.0,992.6,0.0000
68h 35m 9s,33.3,19.4,992.6,0.0000
68h 40m 9s,33.3,18.3,992.6,0.0000
68h 45m 9s,33.2,17.2,992.5,0.0000
68h 50m 9s,33.0,18.8,992.4,0.0000
68h 55m 9s,33.0,17.8,992.4,0.0000
69h 0m 9s,32.8,17.9,992.4,0.0000
69h 5m 9s,32.8,17.9,992.3,0.0000
69h 10m 9s,32.7,17.7,992.2,0.0000
69h 15m 9s,32.6,18.0,992.2,0.0000
69h 20m 9s,32.4,18.2,992.1,0.0000
69h 25m 9s,32.2,19.2,992.1,0.0000
69h 30m 9s,32.1,18.7,992.1,0.5588
69h 35m 9s,31.9,18.4,992.1,0.0000
69h 40m 9s,31.7,19.0,992.1,0.0000
69h 45m 9s,31.8,18.9,992.0,0.0000
69h 50m 9s,31.7,18.9,992.0,0.0000
69h 55m 9s,31.7,20.5,991.9,0.0000
70h 0m 9s,31.6,20.2,991.8,0.0000
70h 5m 9s,31.4,20.0,991.8,0.0000
70h 10m 9s,31.2,21.0,991.8,0.0000
70h 15m 9s,31.2,20.0,991.8,0.0000
70h 20m 9s,31.1,20.2,991.8,0.0000
70h 25m 9s,31.0,19.8,991.8,0.0000
70h 30m 9s,30.9,20.0,991.9,0.0000
70h 35m 9s,30.8,20.2,991.9,0.0000
70h 40m 9s,30.6,20.0,991.9,0.0000
70h 45m 9s,30.5,20.2,991.8,0.0000
70h 50m 9s,30.3,20.6,991.8,0.0000
70h 55m 9s,30.0,21.2,991.8,0.0000
71h 0m 9s,29.9,21.5,991.7,0.0000
71h 5m 9s,29.8,21.8,991.8,0.0000
71h 10m 9s,29.7,21.9,991.7,0.0000
71h 15m 9s,29.5,22.3,991.7,0.0000
71h 20m 9s,29.4,22.3,991.6,0.2794
71h 25m 9s,29.2,22.5,991.6,0.0000
71h 30m 9s,29.0,22.8,991.5,0.0000
71h 35m 9s,28.8,23.1,991.5,0.2794
71h 40m 9s,28.6,23.3,991.5,0.2794
71h 45m 9s,28.3,24.7,991.5,0.0000
71h 50m 9s,27.9,24.9,991.4,0.0000
71h 55m 9s,27.6,25.7,991.5,0.0000
72h 0m 9s,27.2,26.4,991.5,0.2794
72h 5m 10s,27.2,26.8,991.4,0.0000
72h 10m 10s,27.0,26.7,991.4,0.0000
72h 15m 10s,26.7,28.4,991.3,0.0000
72h 20m 10s,26.3,29.4,991.3,0.0000
72h 25m 10s,26.0,30.4,991.2,0.0000
72h 30m 10s,25.7,31.2,991.2,0.0000
72h 35m 10s,25.4,32.0,991.2,0.0000
72h 40m 10s,25.1,32.2,991.2,0.0000
72h 45m 10s,24.8,34.6,991.3,0.0000
72h 50m 10s,24.5,36.1,991.2,0.0000
72h 55m 10s,24.3,36.4,991.2,0.0000
73h 0m 10s,24.1,36.6,991.2,0.0000
73h 5m 10s,24.0,35.6,991.2,0.0000
73h 10m 10s,23.9,36.1,991.3,0.0000
73h 15m 10s,23.8,36.7,991.4,0.0000
73h 20m 10s,23.2,38.1,991.5,0.0000
73h 25m 10s,22.8,40.5,991.6,0.0000
73h 30m 10s,22.5,41.5,991.6,0.0000
73h 35m 10s,22.4,42.1,991.6,0.0000
73h 40m 10s,22.3,42.1,991.7,0.0000
73h 45m 10s,22.1,42.2,991.6,0.0000
73h 50m 10s,22.1,41.1,991.6,0.0000
73h 55m 10s,22.0,42.5,991.6,0.0000
74h 0m 10s,21.8,43.0,991.6,0.2794
74h 5m 10s,21.7,44.1,991.6,0.0000
74h 10m 10s,21.6,44.4,991.7,0.0000
74h 15m 10s,21.5,44.9,991.7,0.2794
74h 20m 10s,21.5,44.0,991.7,0.0000
74h 25m 10s,21.6,43.0,991.6,0.0000
74h 30m 10s,21.9,41.3,991.6,0.0000
74h 35m 10s,22.0,41.2,991.5,0.0000
74h 40m 10s,21.9,41.4,991.5,0.0000
74h 45m 10s,21.8,41.1,991.5,0.0000
74h 50m 10s,22.0,40.8,991.5,0.0000
74h 55m 10s,22.0,40.4,991.4,0.0000
75h 0m 10s,21.9,40.6,991.4,0.2794
75h 5m 10s,21.9,40.5,991.4,0.0000
75h 10m 10s,21.9,40.6,991.5,0.0000
75h 15m 10s,21.8,41.0,991.5,0.0000
75h 20m 10s,21.7,41.5,991.5,0.0000
75h 25m 10s,21.5,42.3,991.5,0.0000
75h 30m 10s,21.3,43.4,991.5,0.0000
75h 35m 10s,21.1,44.6,991.6,0.0000
75h 40m 10s,21.0,45.0,991.5,0.0000
75h 45m 10s,20.8,45.5,991.6,0.0000
75h 50m 10s,20.7,46.2,991.6,0.0000
75h 55m 10s,20.5,46.8,991.7,0.0000
76h 0m 10s,20.4,47.2,991.6,0.0000
76h 5m 10s,20.2,48.3,991.6,0.0000
76h 10m 10s,20.1,48.6,991.5,0.0000
76h 15m 10s,20.0,49.2,991.5,0.0000
76h 20m 10s,19.8,49.9,991.6,0.0000
76h 25m 10s,19.7,50.5,991.7,0.0000
76h 30m 10s,19.6,51.5,991.6,0.0000
76h 35m 10s,19.5,52.3,991.6,0.0000
76h 40m 10s,19.4,52.6,991.5,0.0000
76h 45m 10s,19.8,51.5,991.5,0.0000
76h 50m 10s,19.7,51.9,991.4,0.0000
76h 55m 10s,19.7,52.0,991.4,0.0000
77h 0m 10s,19.6,51.7,991.4,0.0000
77h 5m 10s,19.5,52.1,991.5,0.0000
77h 10m 10s,19.5,52.8,991.6,0.0000
77h 15m 10s,19.4,53.7,991.6,0.0000
77h 20m 10s,19.3,54.5,991.7,0.0000
77h 25m 10s,19.1,55.1,991.7,0.0000
77h 30m 10s,19.1,55.6,991.7,0.0000
77h 35m 10s,19.0,55.9,991.6,0.0000
77h 40m 10s,18.9,56.1,991.6,0.0000
77h 45m 10s,19.0,55.7,991.6,0.0000
77h 50m 10s,19.0,55.5,991.6,0.0000
77h 55m 10s,18.8,56.6,991.6,0.0000
78h 0m 10s,18.7,57.2,991.5,0.0000
78h 5m 10s,18.5,58.0,991.4,0.0000
78h 10m 10s,18.6,57.7,991.5,0.0000
78h 15m 10s,18.5,57.6,991.6,0.0000
78h 20m 10s,18.4,58.0,991.7,0.0000
78h 25m 11s,18.3,58.1,991.7,0.0000
78h 30m 11s,18.3,58.3,991.7,0.0000
78h 35m 11s,18.1,58.6,991.7,0.0000
78h 40m 11s,18.1,58.7,991.8,0.0000
78h 45m 11s,18.0,58.9,991.7,0.0000
78h 50m 11s,18.0,59.1,991.7,0.0000
78h 55m 11s,18.0,59.4,991.8,0.0000
79h 0m 11s,17.9,60.1,991.8,0.0000
79h 5m 11s,17.9,60.0,991.9,0.0000
79h 10m 11s,17.9,60.5,991.9,0.0000
79h 15m 11s,17.8,60.6,991.9,0.0000
79h 20m 11s,17.7,60.5,991.8,0.0000
79h 25m 11s,17.7,60.2,991.8,0.0000
79h 30m 11s,17.7,60.1,991.8,0.0000
79h 35m 11s,17.6,60.1,991.7,0.0000
79h 40m 11s,17.6,60.2,991.8,0.0000
79h 45m 11s,17.6,60.4,991.8,0.0000
79h 50m 11s,17.6,60.6,991.9,0.0000
79h 55m 11s,17.5,60.7,991.9,0.0000
80h 0m 11s,17.5,61.0,992.0,0.0000
80h 5m 11s,17.4,61.8,992.1,0.0000
80h 10m 11s,17.4,62.0,992.1,0.0000
80h 15m 11s,17.3,62.3,992.1,0.0000
80h 20m 11s,17.3,62.2,992.1,0.0000
80h 25m 11s,17.3,62.5,992.1,0.0000
80h 30m 11s,17.3,62.9,992.0,0.0000
80h 35m 11s,17.3,63.3,992.0,0.0000
80h 40m 11s,17.3,63.6,992.0,0.0000
80h 45m 11s,17.2,63.7,992.1,0.0000
80h 50m 11s,17.1,63.5,992.1,0.0000
80h 55m 11s,17.1,63.5,992.0,0.0000
81h 0m 11s,17.1,63.5,992.0,0.0000
81h 5m 11s,17.1,63.9,992.0,0.0000
81h 10m 11s,17.1,64.1,992.0,0.0000
81h 15m 11s,17.2,64.1,992.0,0.0000
81h 20m 11s,17.2,63.9,992.1,0.0000
81h 25m 11s,17.3,64.0,992.1,0.0000
81h 30m 11s,17.4,63.9,992.0,0.0000
81h 35m 11s,17.5,63.9,992.0,0.0000
81h 40m 11s,17.7,64.0,992.0,0.0000
81h 45m 11s,18.2,63.7,992.0,0.0000
81h 50m 11s,18.5,63.7,992.0,0.0000
81h 55m 11s,19.0,62.9,992.1,0.0000
82h 0m 11s,19.3,62.9,992.1,0.0000
82h 5m 11s,20.1,61.1,992.1,0.0000
82h 10m 11s,21.0,59.2,992.2,0.0000
82h 15m 11s,22.3,56.7,992.3,0.0000
82h 20m 11s,23.6,53.8,992.2,0.5588
82h 25m 11s,24.6,49.7,992.2,0.0000
82h 30m 11s,26.4,44.0,992.2,0.0000
82h 35m 11s,27.8,40.3,992.3,0.0000
82h 40m 11s,29.0,36.5,992.1,0.0000
82h 45m 11s,30.4,32.8,992.2,0.0000
82h 50m 11s,31.9,30.2,992.1,0.2794
82h 55m 11s,33.0,27.9,992.2,0.0000
83h 0m 11s,34.0,26.5,992.2,0.0000
83h 5m 11s,34.8,25.7,992.1,0.0000
83h 10m 11s,35.6,24.0,992.2,0.5588
83h 15m 11s,36.0,22.7,992.3,0.2794
83h 20m 11s,36.2,22.4,992.3,0.0000
83h 25m 11s,36.3,22.3,992.3,0.2794
83h 30m 11s,36.6,22.1,992.3,0.0000
83h 35m 11s,36.9,21.9,992.4,0.0000
83h 40m 11s,37.1,21.0,992.4,0.0000
83h 45m 11s,37.2,20.7,992.4,0.0000
83h 50m 11s,37.6,20.5,992.4,0.0000
83h 55m 11s,37.8,19.8,992.3,0.0000
84h 0m 11s,38.3,19.3,992.4,0.0000
84h 5m 11s,38.8,18.0,992.3,0.0000
84h 10m 11s,39.0,17.9,992.3,0.0000
84h 15m 11s,39.0,17.8,992.4,0.0000
84h 20m 11s,39.0,18.0,992.4,0.0000
84h 25m 11s,39.1,18.0,992.4,0.0000
84h 30m 11s,39.3,18.6,992.3,0.0000
84h 35m 11s,39.8,18.1,992.3,0.2794
84h 40m 11s,40.3,17.9,992.4,0.0000
84h 45m 12s,40.7,17.0,992.3,0.0000
84h 50m 12s,40.8,16.5,992.3,0.0000
84h 55m 12s,41.0,16.3,992.3,0.0000
85h 0m 12s,41.1,16.1,992.3,0.0000
85h 5m 12s,41.0,16.5,992.3,0.2794
85h 10m 12s,41.5,16.2,992.2,0.0000
85h 15m 12s,41.6,15.2,992.2,0.0000
85h 20m 12s,41.7,15.2,992.1,0.0000
85h 25m 12s,41.8,16.0,992.1,0.0000
85h 30m 12s,41.8,16.1,992.0,0.0000
85h 35m 12s,42.2,15.0,992.0,0.0000
85h 40m 12s,43.3,14.2,991.9,0.0000
85h 45m 12s,43.7,12.9,991.9,0.0000
85h 50m 12s,43.9,13.5,991.8,0.2794
85h 55m 12s,44.5,13.1,991.8,0.0000
86h 0m 12s,45.6,12.1,991.8,0.2794
86h 5m 12s,45.3,12.0,991.7,0.2794
86h 10m 12s,46.0,11.6,991.7,0.2794
86h 15m 12s,47.0,11.0,991.7,0.5588
86h 20m 12s,47.5,10.4,991.7,0.2794
86h 25m 12s,47.8,9.8,991.6,0.0000
86h 30m 12s,47.3,9.4,991.6,0.2794
86h 35m 12s,47.7,9.3,991.6,0.0000
86h 40m 12s,48.1,9.1,991.6,0.0000
86h 45m 12s,47.7,9.7,991.5,0.0000
86h 50m 12s,48.1,9.3,991.4,0.5588
86h 55m 12s,48.1,8.9,991.3,0.0000
87h 0m 12s,47.9,8.9,991.4,0.0000
87h 5m 12s,48.4,9.6,991.3,0.0000
87h 10m 12s,47.9,9.6,991.2,0.0000
87h 15m 12s,48.0,9.5,991.2,0.0000
87h 20m 12s,47.2,9.0,991.2,0.0000
87h 25m 12s,46.3,10.2,991.2,0.0000
87h 30m 12s,45.3,11.3,991.2,0.2794
87h 35m 12s,45.0,11.6,991.1,0.2794
87h 40m 12s,45.2,10.5,991.1,0.0000
87h 45m 12s,45.5,10.9,991.0,0.0000
87h 50m 12s,46.2,10.6,991.0,0.0000
87h 55m 12s,46.5,10.4,990.9,0.0000
88h 0m 12s,46.7,10.6,990.9,0.0000
88h 5m 12s,47.1,10.5,990.8,0.0000
88h 10m 12s,47.2,10.2,990.7,0.0000
88h 15m 12s,46.9,9.6,990.8,0.2794
88h 20m 12s,46.2,11.6,990.7,0.0000
88h 25m 12s,45.6,10.6,990.5,0.0000
88h 30m 12s,46.0,10.5,990.4,0.0000
88h 35m 12s,45.9,12.1,990.4,0.0000
88h 40m 12s,46.3,10.7,990.3,0.0000
88h 45m 12s,46.2,10.9,990.2,0.0000
88h 50m 12s,45.4,10.8,990.2,0.0000
88h 55m 12s,44.1,11.6,990.2,0.0000
89h 0m 12s,42.3,14.0,990.0,0.0000
89h 5m 12s,41.4,15.7,989.9,0.0000
89h 10m 12s,41.2,15.4,989.9,0.0000
89h 15m 12s,40.5,14.8,989.9,0.2794
89h 20m 12s,39.4,16.9,989.8,0.0000
89h 25m 12s,38.0,19.2,989.7,0.0000
89h 30m 12s,37.8,17.8,989.8,0.0000
89h 35m 12s,37.3,19.2,989.7,0.0000
89h 40m 12s,37.4,20.7,989.7,0.0000
89h 45m 12s,37.0,19.7,989.6,0.0000
89h 50m 12s,36.8,20.8,989.6,0.0000
89h 55m 12s,36.6,19.9,989.6,0.0000
90h 0m 12s,36.7,20.0,989.6,0.0000
90h 5m 12s,36.5,20.6,989.4,0.2794
90h 10m 12s,36.6,20.1,989.4,0.2794
90h 15m 12s,36.6,21.1,989.4,0.0000
90h 20m 12s,36.6,21.0,989.3,0.0000
90h 25m 12s,36.5,21.0,989.1,0.0000
90h 30m 12s,36.2,19.9,989.1,0.0000
90h 35m 12s,35.9,21.9,989.0,0.0000
90h 40m 12s,35.6,23.2,988.9,0.0000
90h 45m 12s,35.4,21.4,988.9,0.0000
90h 50m 12s,35.2,21.4,988.9,0.0000
90h 55m 12s,35.1,22.6,988.7,0.0000
91h 0m 12s,35.2,22.5,988.7,0.0000
91h 5m 12s,35.0,22.0,988.6,0.0000
91h 10m 13s,34.6,23.6,988.6,0.0000
91h 15m 13s,34.0,25.0,988.5,0.0000
91h 20m 13s,33.9,23.7,988.5,0.0000
91h 25m 13s,34.1,23.1,988.3,0.0000
91h 30m 13s,34.1,22.2,988.3,0.0000
91h 35m 13s,34.1,24.0,988.2,0.0000
91h 40m 13s,34.2,23.9,988.2,0.0000
91h 45m 13s,33.7,23.7,988.1,0.0000
91h 50m 13s,33.8,24.1,988.0,0.0000
91h 55m 13s,33.8,23.4,987.9,0.0000
92h 0m 13s,33.9,23.8,987.9,0.0000
92h 5m 13s,33.9,23.2,987.8,0.0000
92h 10m 13s,33.9,24.9,987.8,0.0000
92h 15m 13s,33.8,23.6,987.7,0.0000
92h 20m 13s,33.6,25.0,987.6,0.0000
92h 25m 13s,33.4,24.1,987.5,0.0000
92h 30m 13s,33.3,25.4,987.5,0.0000
92h 35m 13s,33.4,24.9,987.5,0.0000
92h 40m 13s,33.2,24.6,987.4,0.2794
92h 45m 13s,33.2,26.3,987.4,0.0000
92h 50m 13s,33.0,25.1,987.3,0.0000
92h 55m 13s,32.8,25.2,987.2,0.2794
93h 0m 13s,32.6,25.5,987.2,0.0000
93h 5m 13s,32.5,26.0,987.1,0.0000
93h 10m 13s,32.5,25.2,987.0,0.0000
93h 15m 13s,33.0,24.4,986.9,0.8382
93h 20m 13s,33.0,24.2,986.8,0.0000
93h 25m 13s,33.1,25.5,986.7,0.2794
93h 30m 13s,33.0,24.5,986.7,0.8382
93h 35m 13s,32.8,24.3,986.6,0.2794
93h 40m 13s,32.6,25.1,986.5,0.2794
93h 45m 13s,32.4,25.4,986.5,0.2794
93h 50m 13s,32.4,26.2,986.4,0.8382
93h 55m 13s,32.2,26.2,986.4,0.0000
94h 0m 13s,32.2,26.5,986.4,0.2794
94h 5m 13s,32.1,26.0,986.3,0.2794
94h 10m 13s,32.0,25.9,986.4,0.0000
94h 15m 13s,31.9,26.3,986.4,0.0000
94h 20m 13s,31.9,27.1,986.4,0.2794
94h 25m 13s,31.8,26.8,986.4,0.0000
94h 30m 13s,31.7,27.4,986.4,0.0000
94h 35m 13s,31.6,27.4,986.4,0.0000
94h 40m 13s,31.5,28.1,986.4,0.0000
94h 45m 13s,31.4,30.0,986.5,0.0000
94h 50m 13s,31.2,29.7,986.5,0.0000
94h 55m 13s,31.0,30.7,986.5,0.0000
95h 0m 13s,30.8,30.3,986.6,0.0000
95h 5m 13s,30.6,30.9,986.6,0.2794
95h 10m 13s,30.5,31.0,986.5,0.0000
95h 15m 13s,30.3,32.1,986.5,0.0000
95h 20m 13s,30.2,32.3,986.5,0.0000
95h 25m 13s,30.0,32.4,986.6,0.0000
95h 30m 13s,29.8,33.2,986.6,0.2794
95h 35m 13s,29.6,33.2,986.6,0.0000
95h 40m 13s,29.5,33.2,986.6,0.2794
95h 45m 13s,29.3,33.5,986.7,0.0000
95h 50m 13s,29.1,33.5,986.8,0.0000
95h 55m 13s,29.0,33.7,986.9,0.2794
96h 0m 13s,28.8,34.3,987.0,0.0000
96h 5m 13s,28.7,34.7,987.0,0.0000
96h 10m 13s,28.3,35.3,987.0,0.0000
96h 15m 13s,28.1,35.5,987.0,0.0000
96h 20m 13s,28.0,35.8,987.0,0.2794
96h 25m 13s,27.9,35.9,987.0,0.0000
96h 30m 13s,27.8,36.2,987.0,0.0000
96h 35m 13s,27.7,36.5,987.0,0.5588
96h 40m 13s,27.6,36.7,987.1,0.0000
96h 45m 13s,27.5,37.2,987.1,0.0000
96h 50m 13s,27.3,37.7,987.2,0.2794
96h 55m 13s,27.2,38.0,987.2,0.0000
97h 0m 13s,27.0,38.1,987.3,0.0000
97h 5m 13s,26.9,38.4,987.3,0.0000
97h 10m 13s,26.8,38.5,987.3,0.0000
97h 15m 13s,26.8,38.7,987.4,0.0000
97h 20m 13s,26.7,39.0,987.4,0.0000
97h 25m 13s,26.5,39.3,987.5,0.0000
97h 30m 14s,26.4,39.6,987.5,0.0000
97h 35m 14s,26.4,39.9,987.5,0.0000
97h 40m 14s,26.2,40.1,987.6,0.0000
97h 45m 14s,26.1,40.4,987.6,0.0000
97h 50m 14s,26.0,40.7,987.7,0.2794
97h 55m 14s,26.1,40.4,987.8,0.0000
98h 0m 14s,26.0,40.7,987.8,0.0000
98h 5m 14s,25.8,41.6,987.8,0.0000
98h 10m 14s,25.7,41.9,987.8,0.0000
98h 15m 14s,25.5,42.3,987.8,0.0000
98h 20m 14s,25.5,42.6,987.8,0.0000
98h 25m 14s,25.4,43.0,987.8,0.0000
98h 30m 14s,25.3,43.1,987.8,0.0000
98h 35m 14s,25.3,43.4,987.7,0.0000
98h 40m 14s,25.2,43.7,987.7,0.0000
98h 45m 14s,25.1,43.9,987.7,0.0000
98h 50m 14s,25.1,44.2,987.6,0.0000
98h 55m 14s,25.0,44.4,987.6,0.0000
99h 0m 14s,24.9,44.9,987.6,0.0000
99h 5m 14s,24.7,45.5,987.5,0.0000
99h 10m 14s,24.7,45.4,987.4,0.0000
99h 15m 14s,24.7,45.5,987.4,0.0000
99h 20m 14s,24.8,45.5,987.5,0.2794
99h 25m 14s,24.8,45.5,987.6,0.0000
99h 30m 14s,24.7,45.7,987.5,0.0000
99h 35m 14s,24.7,45.7,987.5,0.0000
99h 40m 14s,24.6,45.8,987.4,0.0000
99h 45m 14s,24.5,46.1,987.4,0.0000
99h 50m 14s,24.4,46.4,987.4,0.0000
99h 55m 14s,24.3,46.6,987.4,0.0000
100h 0m 14s,24.2,47.1,987.3,0.0000
100h 5m 14s,24.1,47.3,987.3,0.0000
100h 10m 14s,24.0,47.8,987.2,0.0000
100h 15m 14s,24.1,47.8,987.1,0.0000
100h 20m 14s,24.0,47.9,987.1,0.0000
100h 25m 14s,24.0,48.0,987.2,0.0000
100h 30m 14s,24.0,48.0,987.0,0.0000
100h 35m 14s,23.9,48.5,987.0,0.0000
100h 40m 14s,23.9,48.7,987.0,0.0000
100h 45m 14s,23.9,48.6,986.9,0.0000
100h 50m 14s,23.8,48.7,986.9,0.0000
100h 55m 14s,23.8,48.8,986.9,0.0000
101h 0m 14s,23.7,48.9,986.8,0.0000
101h 5m 14s,23.7,49.1,986.8,0.0000
101h 10m 14s,23.6,49.4,986.7,0.0000
101h 15m 14s,23.5,49.8,986.7,0.0000
101h 20m 14s,23.5,50.0,986.7,0.0000
101h 25m 14s,23.4,50.1,986.7,0.0000
101h 30m 14s,23.3,50.1,986.7,0.0000
101h 35m 14s,23.1,50.3,986.7,0.0000
101h 40m 14s,22.9,50.8,986.6,0.0000
101h 45m 14s,22.8,51.8,986.6,0.0000
101h 50m 14s,22.7,52.2,986.6,0.0000
101h 55m 14s,22.7,52.5,986.6,0.0000
102h 0m 14s,22.7,52.7,986.5,0.0000
102h 5m 14s,22.6,53.1,986.5,0.0000
102h 10m 14s,22.6,53.2,986.6,0.0000
102h 15m 14s,22.6,53.1,986.6,0.0000
102h 20m 14s,22.6,53.0,986.6,0.0000
102h 25m 14s,22.5,52.9,986.6,0.0000
102h 30m 14s,22.3,53.4,986.6,0.0000
102h 35m 14s,22.1,54.0,986.6,0.0000
102h 40m 14s,22.0,54.6,986.6,0.0000
102h 45m 14s,22.0,55.2,986.6,0.0000
102h 50m 14s,22.1,55.2,986.5,0.0000
102h 55m 14s,22.2,54.8,986.6,0.0000
103h 0m 14s,22.2,54.7,986.6,0.0000
103h 5m 14s,22.2,54.8,986.7,0.0000
103h 10m 14s,22.2,54.8,986.6,0.0000
103h 15m 14s,22.2,54.9,986.6,0.0000
103h 20m 14s,22.2,55.0,986.5,0.0000
103h 25m 14s,22.2,55.1,986.6,0.0000
103h 30m 14s,22.2,55.2,986.6,0.0000
103h 35m 14s,22.3,55.1,986.6,0.0000
103h 40m 14s,22.2,55.1,986.6,0.0000
103h 45m 14s,22.1,55.1,986.4,0.0000
103h 50m 14s,22.0,55.5,986.4,0.0000
103h 55m 15s,22.0,55.7,986.4,0.0000
104h 0m 15s,21.9,56.1,986.4,0.0000
104h 5m 15s,21.9,56.3,986.4,0.0000
104h 10m 15s,21.9,56.3,986.3,0.0000
104h 15m 15s,21.8,56.6,986.4,0.0000
104h 20m 15s,21.7,56.7,986.4,0.0000
104h 25m 15s,21.7,56.7,986.4,0.0000
104h 30m 15s,21.6,57.1,986.4,0.0000
104h 35m 15s,21.6,57.4,986.5,0.0000
104h 40m 15s,21.5,57.6,986.5,0.2794
104h 45m 15s,21.4,57.9,986.6,0.0000
104h 50m 15s,21.4,58.1,986.6,0.0000
104h 55m 15s,21.4,58.2,986.7,0.2794
105h 0m 15s,21.3,58.3,986.7,0.0000
105h 5m 15s,21.3,58.6,986.7,0.0000
105h 10m 15s,21.3,58.6,986.7,0.0000
105h 15m 15s,21.3,58.6,986.6,0.0000
105h 20m 15s,21.3,58.8,986.6,0.0000
105h 25m 15s,21.4,58.9,986.6,0.2794
105h 30m 15s,21.7,58.7,986.5,0.0000
105h 35m 15s,22.0,57.9,986.6,0.0000
105h 40m 15s,22.6,56.5,986.6,0.0000
105h 45m 15s,23.5,54.1,986.7,0.0000
105h 50m 15s,24.1,52.5,986.6,0.0000
105h 55m 15s,24.6,50.7,986.8,0.0000
106h 0m 15s,24.9,49.5,986.7,0.0000
106h 5m 15s,25.1,48.5,986.8,0.0000
106h 10m 15s,25.3,48.3,986.8,0.0000
106h 15m 15s,25.9,47.1,986.8,0.5588
106h 20m 15s,26.8,45.4,986.9,0.2794
106h 25m 15s,27.3,44.0,986.9,0.0000
106h 30m 15s,28.5,40.5,986.9,0.0000
106h 35m 15s,29.5,38.8,986.9,0.0000
106h 40m 15s,30.5,36.8,986.8,0.0000
106h 45m 15s,31.3,35.0,986.9,0.0000
106h 50m 15s,32.2,33.4,986.9,0.5588
106h 55m 15s,33.2,30.6,987.0,0.0000
107h 0m 15s,34.0,29.1,987.0,0.5588
107h 5m 15s,34.7,27.9,987.0,0.2794
107h 10m 15s,35.2,27.2,986.9,0.0000
107h 15m 15s,36.0,25.8,987.1,0.0000
107h 20m 15s,36.6,24.8,987.0,0.5588
107h 25m 15s,37.2,24.3,987.0,0.0000
107h 30m 15s,37.9,23.5,987.1,0.0000
107h 35m 15s,38.5,22.4,987.0,0.2794
107h 40m 15s,39.1,21.6,987.0,0.0000
107h 45m 15s,38.9,21.2,987.0,0.0000
107h 50m 15s,39.3,21.3,987.0,0.0000
107h 55m 15s,38.8,21.0,987.0,0.0000
108h 0m 15s,39.2,21.1,986.9,0.0000
108h 5m 15s,39.1,20.3,986.8,0.0000
108h 10m 15s,39.3,20.2,986.7,0.0000
108h 15m 15s,39.2,20.2,986.7,0.0000
108h 20m 15s,39.5,19.8,986.7,0.0000
108h 25m 15s,39.9,19.3,986.7,0.0000
108h 30m 15s,40.1,18.6,986.7,0.0000
108h 35m 15s,40.2,18.8,986.7,0.0000
108h 40m 15s,40.4,18.7,986.8,0.0000
108h 45m 15s,41.2,18.3,986.9,0.0000
108h 50m 15s,41.5,18.0,986.9,0.0000
108h 55m 15s,41.7,17.1,986.9,0.0000
109h 0m 15s,40.9,17.4,986.9,0.0000
109h 5m 15s,40.8,17.9,986.8,0.0000
109h 10m 15s,41.3,17.1,986.7,0.0000
109h 15m 15s,41.7,17.4,986.7,0.0000
109h 20m 15s,41.7,16.5,986.5,0.0000
109h 25m 15s,42.2,16.4,986.6,0.0000
109h 30m 15s,42.6,16.2,986.6,0.0000
109h 35m 15s,43.4,15.1,986.6,0.0000
109h 40m 15s,43.3,14.7,986.7,0.2794
109h 45m 15s,42.7,14.8,986.6,0.0000
109h 50m 15s,42.8,15.0,986.6,0.0000
109h 55m 15s,43.1,14.7,986.5,0.0000
110h 0m 15s,43.7,14.5,986.5,0.0000
110h 5m 15s,43.4,14.6,986.5,0.2794
110h 10m 15s,42.9,15.1,986.4,0.0000
110h 15m 16s,43.0,15.3,986.4,0.0000
110h 20m 16s,42.9,15.5,986.4,0.0000
110h 25m 16s,43.8,14.6,986.4,0.2794
110h 30m 16s,44.5,14.0,986.3,0.2794
110h 35m 16s,45.1,13.4,986.3,0.0000
110h 40m 16s,45.1,13.2,986.3,0.0000
110h 45m 16s,44.8,14.2,986.2,0.0000
110h 50m 16s,45.1,13.6,986.3,0.0000
110h 55m 16s,44.8,14.2,986.2,0.0000
111h 0m 16s,45.4,13.8,986.2,0.0000
111h 5m 16s,45.0,14.1,986.1,0.0000
111h 10m 16s,44.2,14.5,986.0,0.0000
111h 15m 16s,43.2,15.9,986.0,0.0000
111h 20m 16s,42.7,16.2,985.9,0.0000
111h 25m 16s,43.3,15.9,985.8,0.0000
111h 30m 16s,43.8,15.2,986.0,0.0000
111h 35m 16s,43.0,16.0,985.8,0.0000
111h 40m 16s,43.3,15.7,985.6,0.0000
111h 45m 16s,43.5,15.3,985.6,0.0000
111h 50m 16s,43.3,15.5,985.5,0.0000
111h 55m 16s,44.0,16.0,985.4,0.0000
112h 0m 16s,44.0,15.4,985.4,0.0000
112h 5m 16s,43.9,15.9,985.5,0.0000
112h 10m 16s,44.1,15.4,985.3,0.0000
112h 15m 16s,43.4,15.8,985.2,0.0000
112h 20m 16s,42.7,16.3,985.1,0.5588
112h 25m 16s,43.3,16.5,985.1,0.0000
112h 30m 16s,43.7,15.6,985.1,0.0000
112h 35m 16s,43.9,15.5,985.0,0.0000
112h 40m 16s,43.9,15.7,985.0,0.0000
112h 45m 16s,43.1,16.0,984.8,0.0000
112h 50m 16s,43.6,16.6,984.8,0.0000
112h 55m 16s,43.2,16.8,984.8,0.0000
113h 0m 16s,41.5,17.0,984.7,0.0000
113h 5m 16s,40.3,18.6,984.8,0.0000
113h 10m 16s,39.8,19.6,984.7,0.0000
113h 15m 16s,39.6,19.5,984.6,0.0000
113h 20m 16s,39.2,20.9,984.5,0.0000
113h 25m 16s,38.7,21.0,984.3,0.5588
113h 30m 16s,38.6,21.7,984.2,0.0000
113h 35m 16s,38.2,21.4,984.1,0.0000
113h 40m 16s,37.3,22.7,984.2,0.0000
113h 45m 16s,36.2,24.2,984.0,0.0000
113h 50m 16s,35.8,25.9,984.0,0.0000
113h 55m 16s,35.4,26.8,984.0,0.0000
114h 0m 16s,35.1,26.7,984.0,0.0000
114h 5m 16s,35.2,27.2,983.8,0.0000
114h 10m 16s,35.2,26.8,983.7,0.0000
114h 15m 16s,35.4,26.0,983.8,0.0000
114h 20m 16s,35.0,28.8,983.6,0.0000
114h 25m 16s,35.0,27.4,983.6,0.0000
114h 30m 16s,34.8,26.9,983.7,0.0000
114h 35m 16s,34.2,28.4,983.9,0.0000
114h 40m 16s,33.8,29.7,983.8,0.2794
114h 45m 16s,34.2,28.4,983.7,0.0000
114h 50m 16s,34.4,27.2,983.7,0.0000
114h 55m 16s,33.7,27.8,983.7,0.0000
115h 0m 16s,33.6,27.8,983.8,0.0000
115h 5m 16s,33.9,27.1,983.7,0.0000
115h 10m 16s,34.5,26.9,983.7,0.2794
115h 15m 16s,35.0,25.9,983.7,0.0000
115h 20m 16s,35.2,26.4,983.6,0.0000
115h 25m 16s,35.7,26.0,983.5,0.0000
115h 30m 16s,36.1,24.8,983.5,0.0000
115h 35m 16s,36.0,24.6,983.2,0.0000
115h 40m 16s,35.9,26.4,983.3,0.0000
115h 45m 16s,35.4,26.1,983.0,0.0000
115h 50m 16s,34.9,27.9,982.8,0.0000
115h 55m 16s,34.8,27.7,982.7,0.0000
116h 0m 16s,35.1,27.4,982.9,0.0000
116h 5m 16s,35.0,26.8,983.0,0.2794
116h 10m 16s,34.6,27.3,982.9,0.0000
116h 15m 16s,34.3,27.8,982.9,0.0000
116h 20m 16s,34.4,27.5,982.9,0.0000
116h 25m 16s,34.5,27.8,982.9,0.0000
116h 30m 16s,34.6,27.2,983.1,0.0000
116h 35m 17s,34.5,27.0,983.0,0.0000
116h 40m 17s,34.7,27.2,983.0,0.0000
116h 45m 17s,34.8,27.1,983.0,0.0000
116h 50m 17s,34.8,26.9,982.9,0.0000
116h 55m 17s,34.8,27.7,982.9,0.0000
117h 0m 17s,34.9,27.2,982.8,0.0000
117h 5m 17s,34.7,27.9,982.6,0.2794
117h 10m 17s,34.8,27.6,982.6,0.0000
117h 15m 17s,34.8,27.4,982.6,0.0000
117h 20m 17s,34.4,27.9,982.4,0.0000
117h 25m 17s,34.1,27.9,982.4,0.0000
117h 30m 17s,33.8,28.1,982.5,0.0000
117h 35m 17s,33.8,28.3,982.5,0.2794
117h 40m 17s,33.7,28.3,982.5,0.0000
117h 45m 17s,33.5,28.5,982.5,0.0000
117h 50m 17s,33.4,28.4,982.4,0.0000
117h 55m 17s,33.2,29.0,982.3,0.0000
118h 0m 17s,33.0,29.2,982.4,0.0000
118h 5m 17s,32.9,29.2,982.4,0.0000
118h 10m 17s,32.9,29.4,982.4,0.0000
118h 15m 17s,32.9,29.6,982.3,0.0000
118h 20m 17s,32.7,29.9,982.4,0.0000
118h 25m 17s,32.6,29.8,982.2,0.0000
118h 30m 17s,32.6,30.1,982.2,0.0000
118h 35m 17s,32.5,30.2,982.3,0.0000
118h 40m 17s,32.4,30.2,982.4,0.0000
118h 45m 17s,32.5,30.2,982.3,0.0000
118h 50m 17s,32.5,29.8,982.3,0.0000
118h 55m 17s,32.5,29.8,982.3,0.0000
119h 0m 17s,32.4,29.8,982.3,0.0000
119h 5m 17s,32.4,30.0,982.3,0.0000
119h 10m 17s,32.2,30.5,982.3,0.2794
119h 15m 17s,32.2,30.4,982.4,0.2794
119h 20m 17s,32.1,30.5,982.4,0.2794
119h 25m 17s,32.0,30.9,982.4,0.2794
119h 30m 17s,31.8,31.5,982.4,0.0000
119h 35m 17s,31.6,31.6,982.5,0.0000
119h 40m 17s,31.4,31.7,982.4,0.0000
119h 45m 17s,31.2,32.0,982.6,0.2794
119h 50m 17s,31.1,32.3,982.6,0.0000
119h 55m 17s,31.0,32.6,982.5,0.2794
120h 0m 17s,30.8,32.9,982.5,0.0000
120h 5m 17s,30.7,33.2,982.5,0.0000
120h 10m 17s,30.5,33.6,982.6,0.8382
120h 15m 17s,30.4,34.0,982.6,0.2794
120h 20m 17s,30.3,34.1,982.6,0.2794
120h 25m 17s,30.3,34.4,982.6,0.0000
120h 30m 17s,30.1,34.5,982.6,0.0000
120h 35m 17s,30.1,34.7,982.6,0.0000
120h 40m 17s,30.1,34.9,982.6,0.0000
120h 45m 17s,30.0,35.3,982.6,0.0000
120h 50m 17s,29.9,35.5,982.7,0.0000
120h 55m 17s,29.9,35.6,982.8,0.0000
121h 0m 17s,29.8,35.9,982.8,0.0000
121h 5m 17s,29.8,36.0,982.7,0.0000
121h 10m 17s,29.7,36.0,982.6,0.0000
121h 15m 17s,29.7,36.1,982.6,0.0000
121h 20m 17s,29.6,36.3,982.7,0.0000
121h 25m 17s,29.6,36.6,982.7,0.0000
121h 30m 17s,29.5,36.8,982.8,0.0000
121h 35m 17s,29.5,37.0,982.8,0.0000
121h 40m 17s,29.4,37.3,982.8,0.0000
121h 45m 17s,29.3,37.5,982.9,0.0000
121h 50m 17s,29.3,37.7,982.8,0.0000
121h 55m 17s,29.3,37.8,982.9,0.0000
122h 0m 17s,29.2,38.1,982.9,0.0000
122h 5m 17s,29.2,38.2,982.9,0.0000
122h 10m 17s,29.2,38.3,982.9,0.0000
122h 15m 17s,29.2,38.5,982.8,0.2794
122h 20m 17s,29.1,38.7,982.8,0.0000
122h 25m 17s,29.1,38.9,982.8,0.5588
122h 30m 17s,29.1,38.9,982.8,0.0000
122h 35m 17s,29.0,39.1,982.8,0.0000
122h 40m 17s,29.0,39.3,982.7,0.0000
122h 45m 17s,28.9,39.5,982.7,0.0000
122h 50m 17s,28.9,39.6,982.8,0.0000
122h 55m 17s,28.8,39.8,982.7,0.0000
123h 0m 18s,28.8,39.9,982.7,0.0000
123h 5m 18s,28.7,40.2,982.7,0.0000
123h 10m 18s,28.6,40.4,982.8,0.0000
123h 15m 18s,28.6,40.7,982.8,0.0000
123h 20m 18s,28.4,41.1,982.7,0.0000
123h 25m 18s,28.4,41.3,982.6,0.2794
123h 30m 18s,28.3,41.5,982.6,0.0000
123h 35m 18s,28.2,41.9,982.7,0.0000
123h 40m 18s,28.2,42.2,982.7,0.0000
123h 45m 18s,28.1,42.4,982.7,0.0000
123h 50m 18s,28.0,42.7,982.6,0.0000
123h 55m 18s,28.0,42.8,982.7,0.0000
124h 0m 18s,28.0,43.1,982.7,0.0000
124h 5m 18s,28.0,43.3,982.7,0.0000
124h 10m 18s,28.0,43.2,982.7,0.0000
124h 15m 18s,27.9,43.5,982.7,0.0000
124h 20m 18s,27.8,43.9,982.7,0.0000
124h 25m 18s,27.8,44.0,982.6,0.0000
124h 30m 18s,27.8,44.1,982.6,0.0000
124h 35m 18s,27.8,44.4,982.5,0.0000
124h 40m 18s,27.8,44.4,982.5,0.0000
124h 45m 18s,27.7,44.6,982.5,0.0000
124h 50m 18s,27.7,44.7,982.5,0.0000
124h 55m 18s,27.8,44.6,982.5,0.0000
125h 0m 18s,27.7,44.8,982.5,0.0000
125h 5m 18s,27.7,45.0,982.5,0.0000
125h 10m 18s,27.6,45.0,982.5,0.0000
125h 15m 18s,27.6,45.2,982.4,0.0000
125h 20m 18s,27.6,45.3,982.5,0.0000
125h 25m 18s,27.6,45.4,982.5,0.0000
125h 30m 18s,27.6,45.4,982.5,0.0000
125h 35m 18s,27.5,45.5,982.4,0.0000
125h 40m 18s,27.5,45.6,982.4,0.0000
125h 45m 18s,27.5,45.7,982.4,0.0000
125h 50m 18s,27.5,45.8,982.5,0.0000
125h 55m 18s,27.5,45.8,982.4,0.0000
126h 0m 18s,27.5,45.7,982.5,0.0000
126h 5m 18s,27.5,45.8,982.4,0.0000
126h 10m 18s,27.5,45.8,982.5,0.0000
126h 15m 18s,27.5,45.9,982.5,0.0000
126h 20m 18s,27.6,45.6,982.6,0.0000
126h 25m 18s,27.7,45.6,982.6,0.0000
126h 30m 18s,27.8,45.3,982.6,0.0000
126h 35m 18s,27.8,45.3,982.5,0.0000
126h 40m 18s,27.8,45.3,982.4,0.0000
126h 45m 18s,27.8,45.4,982.4,0.0000
126h 50m 18s,27.8,45.4,982.4,0.0000
126h 55m 18s,27.8,45.4,982.3,0.0000
127h 0m 18s,27.8,45.1,982.4,0.0000
127h 5m 18s,27.8,45.2,982.4,0.0000
127h 10m 18s,27.9,44.9,982.4,0.0000
127h 15m 18s,27.9,44.9,982.4,0.0000
127h 20m 18s,27.9,44.8,982.2,0.0000
127h 25m 18s,27.9,44.6,982.2,0.0000
127h 30m 18s,27.9,44.6,982.3,0.0000
127h 35m 18s,27.9,44.7,982.5,0.0000
127h 40m 18s,27.9,44.4,982.3,0.0000
127h 45m 18s,27.9,44.4,982.4,0.0000
127h 50m 18s,27.9,44.2,982.6,0.0000
127h 55m 18s,28.0,44.2,982.6,0.0000
128h 0m 18s,28.0,44.2,982.6,0.0000
128h 5m 18s,28.0,44.1,982.6,0.0000
128h 10m 18s,27.9,44.4,982.7,0.0000
128h 15m 18s,27.9,44.4,982.6,0.0000
128h 20m 18s,27.8,44.5,982.6,0.2794
128h 25m 18s,27.8,44.7,982.6,0.0000
128h 30m 18s,27.7,45.1,982.8,0.0000
128h 35m 18s,27.6,45.3,982.7,0.0000
128h 40m 18s,27.5,45.5,982.7,0.0000
128h 45m 18s,27.4,45.9,982.6,0.0000
128h 50m 18s,27.4,46.0,982.7,0.0000
128h 55m 18s,27.3,46.3,982.7,0.0000
129h 0m 18s,27.3,46.5,982.8,0.0000
129h 5m 18s,27.2,46.7,982.7,0.0000
129h 10m 18s,27.2,46.9,982.7,0.0000
129h 15m 18s,27.2,46.9,982.6,0.0000
129h 20m 19s,27.2,46.9,982.6,0.0000
129h 25m 19s,27.2,47.1,982.6,0.0000
129h 30m 19s,27.3,47.1,982.7,0.2794
129h 35m 19s,27.3,47.1,982.8,0.0000
129h 40m 19s,27.4,47.1,982.8,0.2794
129h 45m 19s,27.5,47.0,982.8,0.0000
129h 50m 19s,27.6,46.8,982.8,0.0000
129h 55m 19s,27.7,46.8,982.8,0.0000
130h 0m 19s,27.8,46.6,982.8,0.0000
130h 5m 19s,28.1,46.1,982.9,0.0000
130h 10m 19s,28.6,45.0,983.1,0.0000
130h 15m 19s,29.1,44.0,983.1,0.0000
130h 20m 19s,29.4,42.9,983.0,0.0000
130h 25m 19s,30.0,42.0,983.0,0.0000
130h 30m 19s,30.5,40.9,983.1,0.0000
130h 35m 19s,30.8,40.3,983.0,0.0000
130h 40m 19s,31.1,39.6,983.1,0.0000
130h 45m 19s,32.2,37.8,983.0,0.0000
130h 50m 19s,33.4,35.2,983.1,0.0000
130h 55m 19s,33.4,34.8,983.1,0.0000
131h 0m 19s,32.9,35.9,983.2,0.2794
131h 5m 19s,32.3,36.9,983.2,0.0000
131h 10m 19s,31.9,38.2,983.4,0.2794
131h 15m 19s,31.5,39.2,983.4,0.0000
131h 20m 19s,31.2,40.1,983.5,0.0000
131h 25m 19s,31.1,40.8,983.6,0.0000
131h 30m 19s,30.8,41.8,983.6,0.0000
131h 35m 19s,30.7,42.3,983.5,0.0000
131h 40m 19s,30.7,42.7,983.8,0.0000
131h 45m 19s,30.8,42.7,983.8,0.0000
131h 50m 19s,30.8,43.0,983.9,0.0000
131h 55m 19s,30.7,43.2,984.0,0.0000
132h 0m 19s,30.5,43.7,984.0,0.0000
132h 5m 19s,30.5,44.2,984.1,0.0000
132h 10m 19s,30.3,44.6,984.2,0.0000
132h 15m 19s,30.1,45.1,984.3,0.0000
132h 20m 19s,29.9,45.2,984.4,0.0000
132h 25m 19s,29.6,46.6,984.4,0.0000
132h 30m 19s,29.6,47.3,984.4,0.0000
132h 35m 19s,29.8,47.0,984.3,0.0000
132h 40m 19s,30.3,46.6,984.0,0.0000
132h 45m 19s,31.0,46.9,983.8,0.0000
132h 50m 19s,31.8,45.3,983.7,0.0000
132h 55m 19s,32.5,42.4,983.7,0.0000
133h 0m 19s,33.4,40.7,983.6,0.0000
133h 5m 19s,33.9,38.7,983.4,0.0000
133h 10m 19s,34.5,37.6,983.2,0.0000
133h 15m 19s,34.7,37.0,983.2,0.0000
133h 20m 19s,35.0,36.4,983.0,0.0000
133h 25m 19s,35.0,36.1,982.9,0.0000
133h 30m 19s,35.9,34.5,982.9,0.0000
133h 35m 19s,37.4,32.3,982.8,0.0000
133h 40m 19s,39.0,29.9,982.7,0.2794
133h 45m 19s,39.4,28.8,982.5,0.2794
133h 50m 19s,40.1,27.1,982.7,0.0000
133h 55m 19s,41.7,25.2,983.0,0.2794
134h 0m 19s,43.3,23.6,983.1,0.0000
134h 5m 19s,43.5,22.0,982.9,0.0000
134h 10m 19s,43.5,22.3,982.9,0.0000
134h 15m 19s,44.0,21.7,983.0,0.0000
134h 20m 19s,44.5,21.4,982.9,0.0000
134h 25m 19s,45.1,20.2,982.8,0.2794
134h 30m 19s,45.2,19.9,982.8,0.0000
134h 35m 19s,46.0,19.6,982.8,0.0000
134h 40m 19s,46.8,18.4,982.8,0.0000
134h 45m 19s,47.0,19.0,982.8,0.0000
134h 50m 19s,47.9,18.0,982.8,0.0000
134h 55m 19s,47.8,17.5,982.8,0.0000
135h 0m 19s,47.9,17.3,982.8,0.0000
135h 5m 19s,47.9,17.5,982.9,0.0000
135h 10m 19s,47.4,18.2,982.7,0.0000
135h 15m 19s,47.2,18.4,982.7,0.0000
135h 20m 19s,47.3,18.2,982.6,0.0000
135h 25m 19s,47.6,18.6,982.6,0.0000
135h 30m 19s,46.9,19.6,982.5,0.0000
135h 35m 19s,46.0,20.3,982.4,0.0000
135h 40m 19s,46.1,19.5,982.4,0.0000
135h 45m 20s,46.5,19.1,982.4,0.0000
135h 50m 20s,46.0,20.0,982.5,0.0000
135h 55m 20s,46.7,19.1,982.5,0.2794
136h 0m 20s,47.6,18.6,982.4,0.0000
136h 5m 20s,48.2,18.2,982.5,0.0000
136h 10m 20s,48.2,17.8,982.4,0.0000
136h 15m 20s,48.3,17.6,982.4,0.0000
136h 20m 20s,47.7,17.8,982.3,0.0000
136h 25m 20s,47.1,19.1,982.2,0.0000
136h 30m 20s,47.1,18.4,982.3,0.0000
136h 35m 20s,46.5,19.7,982.2,0.0000
136h 40m 20s,45.5,20.3,982.2,0.0000
136h 45m 20s,44.6,21.5,982.1,0.0000
136h 50m 20s,45.1,21.3,982.1,0.0000
136h 55m 20s,45.3,20.5,982.1,0.0000
137h 0m 20s,44.8,21.7,982.1,0.0000
137h 5m 20s,44.1,21.5,982.0,0.0000
137h 10m 20s,43.4,22.3,982.0,0.0000
137h 15m 20s,42.9,23.2,981.9,0.0000
137h 20m 20s,42.4,23.4,981.9,0.0000
137h 25m 20s,42.1,24.1,981.8,0.0000
137h 30m 20s,42.1,24.1,981.8,0.0000
137h 35m 20s,42.2,24.6,981.7,0.0000
137h 40m 20s,42.2,24.8,981.6,0.0000
137h 45m 20s,41.5,25.5,981.5,0.0000
137h 50m 20s,41.4,26.7,981.4,0.0000
137h 55m 20s,41.1,25.7,981.3,0.0000
138h 0m 20s,40.8,25.8,981.2,0.0000
138h 5m 20s,40.6,27.3,981.1,0.0000
138h 10m 20s,40.6,26.3,981.1,0.0000
138h 15m 20s,40.5,26.2,981.3,0.0000
138h 20m 20s,40.3,26.5,981.1,0.0000
138h 25m 20s,40.5,26.8,981.4,0.0000
138h 30m 20s,40.4,26.4,981.2,0.0000
138h 35m 20s,40.1,26.9,981.1,0.0000
138h 40m 20s,39.4,27.9,981.1,0.0000
138h 45m 20s,38.8,28.7,981.3,0.2794
138h 50m 20s,38.5,29.5,981.2,0.0000
138h 55m 20s,38.3,29.6,981.5,0.5588
139h 0m 20s,38.1,30.0,981.5,0.0000
139h 5m 20s,38.0,30.2,981.4,0.0000
139h 10m 20s,37.9,30.6,981.4,0.0000
139h 15m 20s,37.6,31.0,981.1,0.2794
139h 20m 20s,37.2,31.6,981.1,0.0000
139h 25m 20s,37.0,32.0,981.2,0.0000
139h 30m 20s,37.1,32.0,981.1,0.2794
139h 35m 20s,37.0,32.3,981.3,0.0000
139h 40m 20s,36.7,32.4,981.6,0.2794
139h 45m 20s,36.0,34.4,981.7,0.2794
139h 50m 20s,35.0,36.8,981.8,0.0000
139h 55m 20s,34.1,38.6,981.8,0.0000
140h 0m 20s,33.5,39.8,981.8,0.0000
140h 5m 20s,33.1,41.1,981.7,0.0000
140h 10m 20s,32.8,41.9,981.8,0.0000
140h 15m 20s,32.4,42.6,981.8,0.0000
140h 20m 20s,32.1,45.4,981.6,0.0000
140h 25m 20s,31.8,46.4,981.8,0.0000
140h 30m 20s,31.5,48.1,981.9,0.0000
140h 35m 20s,31.2,50.2,981.7,0.0000
140h 40m 20s,31.2,50.5,981.4,0.2794
140h 45m 20s,31.2,50.9,981.4,0.0000
140h 50m 20s,30.9,51.7,981.4,0.0000
140h 55m 20s,30.6,52.6,981.3,0.0000
141h 0m 20s,30.4,53.4,981.6,0.2794
141h 5m 20s,30.0,53.1,981.7,0.5588
141h 10m 20s,29.7,53.4,981.7,0.0000
141h 15m 20s,29.6,53.7,981.4,0.5588
141h 20m 20s,29.6,53.7,981.4,0.2794
141h 25m 20s,29.6,54.2,981.5,0.5588
141h 30m 20s,29.6,54.5,981.6,0.0000
141h 35m 20s,29.6,55.0,981.7,0.0000
141h 40m 20s,29.4,55.3,981.8,0.2794
141h 45m 20s,29.4,55.7,981.7,0.2794
141h 50m 20s,29.3,55.8,981.4,0.0000
141h 55m 20s,29.2,56.0,981.6,0.2794
142h 0m 20s,29.2,56.2,981.8,0.0000
142h 5m 21s,29.2,56.4,981.7,0.0000
142h 10m 21s,29.1,56.6,981.9,0.0000
142h 15m 21s,29.1,56.9,981.8,0.0000
142h 20m 21s,29.1,57.1,981.7,0.2794
142h 25m 21s,29.1,57.2,981.7,0.0000
142h 30m 21s,29.1,57.2,981.7,0.2794
142h 35m 21s,29.0,58.0,981.4,0.2794
142h 40m 21s,28.9,58.3,981.6,0.0000
142h 45m 21s,28.9,58.8,981.8,0.2794
142h 50m 21s,28.8,59.2,981.7,0.0000
142h 55m 21s,28.8,59.2,981.4,0.2794
143h 0m 21s,28.8,59.0,981.2,0.2794
143h 5m 21s,28.8,59.1,981.1,0.2794
143h 10m 21s,28.8,58.9,981.0,0.0000
143h 15m 21s,28.9,58.8,981.2,0.2794
143h 20m 21s,29.0,58.4,981.1,0.8382
143h 25m 21s,29.0,58.5,981.1,0.0000
143h 30m 21s,28.9,58.7,981.0,0.0000
143h 35m 21s,28.9,58.9,981.0,0.0000
143h 40m 21s,28.9,58.4,981.3,0.0000
143h 45m 21s,29.0,57.9,981.4,0.0000
143h 50m 21s,29.0,57.1,981.3,0.0000
143h 55m 21s,29.0,56.4,981.4,0.0000
144h 0m 21s,29.1,56.3,981.7,0.0000
144h 5m 21s,29.1,57.1,981.7,0.0000
144h 10m 21s,29.0,57.9,981.6,0.2794
144h 15m 21s,28.9,58.8,981.4,0.0000
144h 20m 21s,28.9,58.8,981.7,0.0000
144h 25m 21s,28.9,59.0,982.2,0.0000
144h 30m 21s,28.9,59.4,982.4,0.0000
144h 35m 21s,28.8,59.3,982.3,0.0000
144h 40m 21s,28.8,59.5,982.2,0.0000
144h 45m 21s,28.7,59.9,982.1,0.0000
144h 50m 21s,28.7,59.8,982.0,0.0000
144h 55m 21s,28.6,59.5,982.0,0.0000
145h 0m 21s,28.6,59.3,982.0,0.0000
145h 5m 21s,28.6,59.4,982.1,0.0000
145h 10m 21s,28.5,59.2,982.2,0.0000
145h 15m 21s,28.5,59.1,982.2,0.0000
145h 20m 21s,28.5,59.5,982.2,0.0000
145h 25m 21s,28.5,59.6,982.0,0.0000
145h 30m 21s,28.4,59.3,982.2,0.0000
145h 35m 21s,28.3,59.7,982.2,0.0000
145h 40m 21s,28.3,59.9,982.3,0.0000
145h 45m 21s,28.3,59.9,982.1,0.0000
145h 50m 21s,28.3,60.4,982.2,0.0000
145h 55m 21s,28.2,60.0,981.9,0.0000
146h 0m 21s,28.1,59.8,981.9,0.0000
146h 5m 21s,28.0,59.7,981.9,0.2794
146h 10m 21s,28.0,59.1,982.1,0.5588
146h 15m 21s,28.1,58.6,982.3,0.2794
146h 20m 21s,28.2,58.6,982.5,0.0000
146h 25m 21s,28.1,58.9,982.8,0.0000
146h 30m 21s,28.2,59.4,982.8,0.2794
146h 35m 21s,28.1,59.5,983.0,0.0000
146h 40m 21s,28.1,59.6,982.9,0.0000
146h 45m 21s,28.1,59.5,982.9,0.5588
146h 50m 21s,28.1,59.3,983.1,0.0000
146h 55m 21s,28.1,59.3,982.9,0.0000
147h 0m 21s,28.2,59.4,982.9,0.0000
147h 5m 21s,28.0,59.7,982.8,0.0000
147h 10m 21s,27.9,59.9,982.8,0.0000
147h 15m 21s,28.0,59.3,982.7,0.0000
147h 20m 21s,28.0,58.7,982.7,0.0000
147h 25m 21s,28.1,57.2,982.6,0.0000
147h 30m 21s,28.2,56.2,982.8,0.0000
147h 35m 21s,28.4,54.6,982.6,0.0000
147h 40m 21s,28.4,54.3,982.7,0.0000
147h 45m 21s,28.4,53.6,982.6,0.0000
147h 50m 21s,28.4,52.1,982.6,0.0000
147h 55m 21s,28.4,52.0,982.5,0.0000
148h 0m 21s,28.3,51.8,982.4,0.0000
148h 5m 21s,28.2,52.1,982.5,0.0000
148h 10m 21s,28.1,52.1,982.6,0.0000
148h 15m 21s,28.0,52.4,982.5,0.0000
148h 20m 21s,27.9,53.0,982.6,0.0000
148h 25m 21s,27.7,53.5,982.4,0.0000
148h 30m 22s,27.6,53.8,982.4,0.0000
148h 35m 22s,27.5,54.2,982.5,0.0000
148h 40m 22s,27.4,54.4,982.7,0.0000
148h 45m 22s,27.3,54.6,982.8,0.0000
148h 50m 22s,27.3,54.5,982.8,0.0000
148h 55m 22s,27.3,54.4,982.9,0.0000
149h 0m 22s,27.1,55.0,983.0,0.0000
149h 5m 22s,27.1,55.7,983.1,0.0000
149h 10m 22s,27.0,56.4,983.1,0.0000
149h 15m 22s,27.1,56.3,983.1,0.0000
149h 20m 22s,27.1,56.3,983.1,0.0000
149h 25m 22s,27.1,56.2,983.1,0.0000
149h 30m 22s,27.1,56.2,983.0,0.0000
149h 35m 22s,27.0,56.2,983.1,0.0000
149h 40m 22s,27.0,56.4,983.1,0.0000
149h 45m 22s,27.0,56.9,983.1,0.0000
149h 50m 22s,27.0,57.2,983.1,0.0000
149h 55m 22s,27.0,57.4,983.2,0.0000
150h 0m 22s,27.0,57.6,983.2,0.0000
150h 5m 22s,26.9,58.2,983.3,0.0000
150h 10m 22s,26.9,58.2,983.2,0.0000
150h 15m 22s,26.8,58.4,983.1,0.0000
150h 20m 22s,26.7,58.5,983.0,0.0000
150h 25m 22s,26.6,58.4,983.1,0.0000
150h 30m 22s,26.6,58.5,983.1,0.0000
150h 35m 22s,26.5,58.8,983.0,0.0000
150h 40m 22s,26.5,59.1,983.0,0.0000
150h 45m 22s,26.6,59.3,982.9,0.0000
150h 50m 22s,26.6,59.4,982.9,0.0000
150h 55m 22s,26.6,59.2,982.9,0.0000
151h 0m 22s,26.5,59.0,982.8,0.0000
151h 5m 22s,26.5,59.0,982.9,0.0000
151h 10m 22s,26.4,59.2,982.9,0.0000
151h 15m 22s,26.3,59.7,983.0,0.0000
151h 20m 22s,26.3,60.1,983.0,0.0000
151h 25m 22s,26.2,60.3,983.0,0.0000
151h 30m 22s,26.2,60.5,983.0,0.0000
151h 35m 22s,26.1,60.5,983.0,0.0000
151h 40m 22s,26.0,60.8,983.1,0.0000
151h 45m 22s,25.9,60.9,983.0,0.0000
151h 50m 22s,25.9,61.1,983.1,0.0000
151h 55m 22s,25.8,61.5,983.1,0.0000
152h 0m 22s,25.8,61.5,983.1,0.0000
152h 5m 22s,25.7,61.6,983.0,0.0000
152h 10m 22s,25.6,61.4,983.1,0.0000
152h 15m 22s,25.5,61.3,983.1,0.0000
152h 20m 22s,25.4,61.1,983.1,0.0000
152h 25m 22s,25.4,61.2,983.0,0.0000
152h 30m 22s,25.3,61.3,983.1,0.0000
152h 35m 22s,25.2,61.4,983.1,0.0000
152h 40m 22s,25.2,61.5,983.2,0.0000
152h 45m 22s,25.1,61.6,983.2,0.0000
152h 50m 22s,25.0,61.8,983.3,0.0000
152h 55m 22s,25.1,61.8,983.4,0.0000
153h 0m 22s,25.1,61.9,983.4,0.0000
153h 5m 22s,25.1,62.0,983.4,0.0000
153h 10m 22s,25.0,62.6,983.4,0.0000
153h 15m 22s,25.0,62.9,983.4,0.0000
153h 20m 22s,25.0,62.7,983.4,0.0000
153h 25m 22s,25.1,62.8,983.5,0.0000
153h 30m 22s,25.2,62.7,983.5,0.0000
153h 35m 22s,25.3,62.4,983.5,0.5588
153h 40m 22s,25.4,62.2,983.6,0.0000
153h 45m 22s,25.5,62.0,983.7,0.0000
153h 50m 22s,25.9,61.7,983.7,0.0000
153h 55m 22s,26.3,61.4,983.9,0.0000
154h 0m 22s,26.9,60.7,984.0,0.0000
154h 5m 22s,27.5,59.7,984.0,0.0000
154h 10m 22s,28.1,58.2,984.0,0.0000
154h 15m 22s,29.3,56.4,983.9,0.0000
154h 20m 22s,30.7,52.4,984.0,0.0000
154h 25m 22s,32.2,47.8,984.0,0.0000
154h 30m 22s,33.6,44.1,984.1,0.0000
154h 35m 22s,34.7,40.7,984.1,0.0000
154h 40m 22s,35.7,38.0,984.1,0.2794
154h 45m 22s,36.7,36.4,984.1,0.0000
154h 50m 23s,37.7,34.0,984.1,0.0000
154h 55m 23s,38.7,31.5,984.1,0.0000
155h 0m 23s,39.6,29.6,984.1,0.0000
155h 5m 23s,40.2,28.4,984.2,0.0000
155h 10m 23s,40.6,27.7,984.2,0.2794
155h 15m 23s,41.2,26.2,984.1,0.0000
155h 20m 23s,41.6,25.9,984.1,0.0000
155h 25m 23s,42.3,24.8,984.1,0.0000
155h 30m 23s,43.1,23.9,984.1,0.0000
155h 35m 23s,43.9,23.1,984.2,0.0000
155h 40m 23s,44.7,21.8,984.3,0.2794
155h 45m 23s,45.3,20.9,984.3,0.0000
155h 50m 23s,45.6,20.2,984.3,0.0000
155h 55m 23s,45.6,20.4,984.3,0.0000
156h 0m 23s,45.8,20.3,984.3,0.2794
156h 5m 23s,46.2,19.8,984.4,0.2794
156h 10m 23s,46.5,19.9,984.4,0.0000
156h 15m 23s,47.0,19.1,984.4,0.0000
156h 20m 23s,47.5,18.3,984.4,0.0000
156h 25m 23s,47.5,18.3,984.4,0.0000
156h 30m 23s,46.7,18.6,984.5,0.0000
156h 35m 23s,46.1,19.5,984.5,0.0000
156h 40m 23s,45.8,19.7,984.5,0.0000
156h 45m 23s,46.6,18.9,984.6,0.5588
156h 50m 23s,46.9,18.8,984.5,0.0000
156h 55m 23s,46.8,18.8,984.6,0.0000
157h 0m 23s,46.2,19.7,984.6,0.0000
157h 5m 23s,45.9,20.9,984.6,0.0000
157h 10m 23s,46.1,19.8,984.6,0.0000
157h 15m 23s,46.6,19.9,984.6,0.0000
157h 20m 23s,47.0,19.4,984.5,0.0000
157h 25m 23s,47.3,18.8,984.5,0.0000
157h 30m 23s,48.4,18.2,984.4,0.0000
157h 35m 23s,48.9,17.0,984.5,0.0000
157h 40m 23s,49.5,17.1,984.4,0.0000
157h 45m 23s,49.6,16.5,984.4,0.0000
157h 50m 23s,49.2,17.0,984.4,0.0000
157h 55m 23s,49.5,16.5,984.3,0.2794
158h 0m 23s,49.4,17.3,984.2,0.2794
158h 5m 23s,50.2,16.3,984.1,0.0000
158h 10m 23s,50.2,16.1,984.1,0.0000
158h 15m 23s,50.3,15.9,984.2,0.0000
158h 20m 23s,49.8,16.4,984.2,0.0000
158h 25m 23s,50.2,15.9,984.2,0.0000
158h 30m 23s,50.4,15.7,984.1,0.0000
158h 35m 23s,50.7,15.3,984.1,0.0000
158h 40m 23s,50.9,15.5,984.1,0.0000
158h 45m 23s,51.4,15.6,984.0,0.0000
158h 50m 23s,51.5,15.0,984.0,0.0000
158h 55m 23s,52.6,13.8,983.9,0.0000
159h 0m 23s,52.2,14.6,983.9,0.5588
159h 5m 23s,51.6,14.9,983.8,0.0000
159h 10m 23s,52.0,15.1,983.8,0.0000
159h 15m 23s,51.9,14.1,983.7,0.0000
159h 20m 23s,50.8,15.8,983.7,0.0000
159h 25m 23s,50.4,15.9,983.7,0.0000
159h 30m 23s,51.3,15.6,983.6,0.0000
159h 35m 23s,51.6,15.1,983.6,0.0000
159h 40m 23s,52.4,14.2,983.5,0.0000
159h 45m 23s,53.1,13.7,983.6,0.2794
159h 50m 23s,52.0,14.5,983.6,0.0000
159h 55m 23s,49.3,16.2,983.5,0.0000
160h 0m 23s,47.5,19.2,983.5,0.0000
160h 5m 23s,46.0,20.6,983.4,0.0000
160h 10m 23s,45.4,21.9,983.4,0.0000
160h 15m 23s,46.5,21.0,983.3,0.0000
160h 20m 23s,46.2,20.7,983.2,0.0000
160h 25m 23s,46.2,21.2,983.1,0.0000
160h 30m 23s,46.3,21.5,983.0,0.0000
160h 35m 23s,47.1,21.9,983.0,0.0000
160h 40m 23s,47.1,19.5,983.0,0.0000
160h 45m 23s,46.1,20.9,982.9,0.0000
160h 50m 23s,45.2,21.7,982.9,0.0000
160h 55m 23s,44.6,22.2,982.8,0.0000
161h 0m 23s,44.5,23.6,982.7,0.0000
161h 5m 23s,44.8,22.8,982.7,0.0000
161h 10m 23s,44.6,23.2,982.8,0.0000
161h 15m 24s,43.9,24.4,982.7,0.2794
161h 20m 24s,43.5,24.9,982.7,0.0000
161h 25m 24s,43.6,24.0,982.6,0.0000
161h 30m 24s,43.3,25.0,982.5,0.0000
161h 35m 24s,42.8,25.1,982.6,0.0000
161h 40m 24s,42.2,25.6,982.5,0.0000
161h 45m 24s,41.3,26.3,982.3,0.8382
161h 50m 24s,40.5,27.8,982.5,0.2794
161h 55m 24s,39.9,28.9,982.4,0.0000
162h 0m 24s,39.6,30.2,982.4,0.8382
162h 5m 24s,39.2,31.5,982.4,0.0000
162h 10m 24s,38.2,35.6,982.4,1.1176
162h 15m 24s,36.8,38.8,982.5,0.2794
162h 20m 24s,35.8,41.8,982.3,0.5588
162h 25m 24s,34.4,44.1,982.3,0.2794
162h 30m 24s,33.4,47.0,982.3,1.6764
162h 35m 24s,32.8,51.7,982.8,2.5146
162h 40m 24s,32.0,55.1,983.1,4.4704
162h 45m 24s,29.3,60.7,983.3,6.1468
162h 50m 24s,27.0,76.3,983.2,10.8966
162h 55m 24s,26.1,76.0,982.8,4.7498
163h 0m 24s,26.1,73.6,982.9,2.7940
163h 5m 24s,26.1,73.8,982.7,2.5146
163h 10m 24s,26.4,72.6,982.7,1.6764
163h 15m 24s,26.2,73.2,982.8,1.6764
163h 20m 24s,26.3,72.2,982.7,0.5588
163h 25m 24s,26.3,73.0,982.9,0.8382
163h 30m 24s,26.3,74.5,982.9,2.7940
163h 35m 24s,26.0,76.5,982.8,3.0734
163h 40m 24s,25.6,77.6,982.5,2.5146
163h 45m 24s,25.6,76.8,982.4,1.1176
163h 50m 24s,25.7,77.0,982.5,0.8382
163h 55m 24s,25.8,76.7,982.4,0.5588
164h 0m 24s,26.5,73.9,982.1,1.6764
164h 5m 24s,27.2,72.1,982.2,0.5588
164h 10m 24s,27.6,71.7,982.4,0.2794
164h 15m 24s,28.0,71.8,982.7,0.5588
164h 20m 24s,28.4,71.6,982.7,0.2794
164h 25m 24s,28.5,71.4,982.8,0.5588
164h 30m 24s,28.4,71.3,983.0,0.5588
164h 35m 24s,28.3,71.0,983.1,0.0000
164h 40m 24s,28.2,70.7,983.2,0.8382
164h 45m 24s,27.8,70.0,983.3,0.0000
164h 50m 24s,27.4,69.9,983.2,0.0000
164h 55m 24s,27.2,70.4,983.3,0.8382
165h 0m 24s,27.3,70.6,983.2,0.2794
165h 5m 24s,27.4,70.7,983.1,0.0000
165h 10m 24s,27.6,70.6,983.0,0.2794
165h 15m 24s,27.7,70.8,982.8,0.2794
165h 20m 24s,27.8,70.7,982.9,0.2794
165h 25m 24s,28.0,70.6,983.0,0.0000
165h 30m 24s,28.0,70.6,982.9,0.2794
165h 35m 24s,28.1,70.4,982.9,0.0000
165h 40m 24s,28.2,70.3,982.9,0.0000
165h 45m 24s,28.1,70.1,982.9,0.0000
165h 50m 24s,28.1,70.2,983.0,0.0000
165h 55m 24s,28.1,70.3,983.2,0.0000
166h 0m 24s,28.2,70.4,983.2,0.2794
166h 5m 24s,28.2,70.2,983.2,0.0000
166h 10m 24s,28.1,69.8,983.2,0.0000
166h 15m 24s,28.0,69.9,983.3,0.0000
166h 20m 24s,28.1,70.0,983.4,0.0000
166h 25m 24s,28.1,70.0,983.5,0.0000
166h 30m 24s,28.2,70.2,983.6,0.0000
166h 35m 24s,28.3,70.3,983.6,0.2794
166h 40m 24s,28.4,70.4,983.7,0.0000
166h 45m 24s,28.6,70.2,983.7,0.8382
166h 50m 24s,28.5,70.0,983.7,0.2794
166h 55m 24s,28.5,70.1,983.7,0.2794
167h 0m 24s,28.4,70.2,983.8,0.2794
167h 5m 24s,28.5,69.9,983.8,0.0000
167h 10m 24s,28.3,69.7,983.7,0.2794
167h 15m 24s,28.1,69.6,983.6,0.5588
167h 20m 24s,28.0,69.6,983.6,0.0000
167h 25m 24s,27.9,69.7,983.5,0.0000
167h 30m 24s,27.9,69.7,983.6,0.0000
